date,open,close,low,high,volume
2013-06-19,117.27,119.74,115.34,123.59,1009372
2013-06-20,125.5,119.25,118.63,125.89,267490
2013-06-21,123.41,122.02,119.4,123.41,78031
2013-06-24,122.17,120.08,117.53,122.17,98399
2013-06-25,119.76,120.99,118.6,121.07,71883
2013-06-26,120.28,119.74,118.5,120.36,122196
2013-06-27,113.97,118.52,113.04,121.37,415559
2013-06-28,117.71,118.4,117.4,120.71,249251
2013-07-01,119.16,114.46,114.23,119.31,577361
2013-07-02,113.87,116.27,113.79,117.83,1201491
2013-07-03,114.85,115.85,114.85,117.01,289876
2013-07-05,115.85,120.88,115.85,123.43,437062
2013-07-08,122.09,123.56,119.93,124.02,514187
2013-07-09,122.22,121.6,121.09,123.84,444780
2013-07-10,119.92,119.54,117.76,120.7,404609
2013-07-11,122.37,117.81,116.64,122.37,451095
2013-07-12,116.08,116.0,115.85,117.47,395993
2013-07-15,116.13,114.58,112.41,116.75,712133
2013-07-16,114.01,119.28,113.94,119.9,361403
2013-07-17,118.3,124.03,118.3,124.8,439705
2013-07-18,124.91,121.48,120.39,126.55,358363
2013-07-19,119.99,125.84,119.99,126.93,483358
2013-07-22,125.62,123.67,122.51,126.47,271876
2013-07-23,122.93,122.93,121.84,124.48,265886
2013-07-24,122.94,123.95,121.61,124.96,269469
2013-07-25,123.73,122.56,121.63,124.78,285294
2013-07-26,122.55,125.12,120.53,125.66,118633
2013-07-29,123.41,121.33,120.55,124.1,409338
2013-07-30,121.25,124.41,120.79,124.72,465081
2013-07-31,123.88,123.88,123.5,126.04,324996
2013-08-01,124.19,126.35,124.04,126.58,257309
2013-08-02,125.5,127.12,125.19,128.2,262836
2013-08-05,126.72,125.18,124.17,127.26,128591
2013-08-06,124.59,126.59,123.81,127.06,178887
2013-08-07,125.54,124.92,123.99,126.0,143149
2013-08-08,126.19,126.66,124.88,127.66,280028
2013-08-09,126.34,125.03,124.87,126.34,180240
2013-08-12,124.07,124.14,123.1,125.61,257016
2013-08-13,125.49,124.1,123.71,125.49,207328
2013-08-14,123.91,125.3,122.9,125.53,286890
2013-08-15,124.02,126.03,123.06,126.57,176654
2013-08-16,125.55,125.01,124.78,127.02,249600
2013-08-19,125.65,123.17,123.05,125.73,71799
2013-08-20,123.03,122.8,121.53,123.58,118722
2013-08-21,122.66,123.51,121.66,123.98,242150
2013-08-22,123.97,123.12,122.65,124.28,216762
2013-08-23,123.42,124.04,122.87,124.82,219338
2013-08-26,124.56,125.5,124.56,126.05,134916
2013-08-27,124.45,124.14,124.06,126.17,445748
2013-08-28,124.52,124.52,123.89,124.91,881888
2013-08-29,124.3,124.15,123.13,125.12,105863
2013-08-30,123.93,123.38,122.76,124.39,212826
2013-09-03,124.9,124.74,123.81,126.3,81619
2013-09-04,124.07,126.49,124.07,127.04,248216
2013-09-05,126.44,127.93,125.43,128.32,242747
2013-09-06,128.15,127.45,126.59,128.62,202519
2013-09-09,127.79,129.04,127.56,129.12,105420
2013-09-10,129.64,131.13,128.7,131.13,94312
2013-09-11,130.88,134.72,130.64,134.72,194596
2013-09-12,135.12,135.98,134.49,137.24,72714
2013-09-13,135.66,134.25,133.23,135.66,51928
2013-09-16,136.25,134.68,133.35,136.33,97540
2013-09-17,134.66,135.13,134.35,135.68,69396
2013-09-18,134.79,135.14,133.77,135.88,116978
2013-09-19,136.08,134.04,132.32,136.08,114621
2013-09-20,133.59,132.1,130.62,134.6,191376
2013-09-23,131.31,131.08,129.67,131.54,87855
2013-09-24,131.36,135.75,131.36,136.53,183927
2013-09-25,134.56,133.47,132.69,135.11,138010
2013-09-26,133.9,130.38,128.82,133.9,334930
2013-09-27,129.1,129.81,128.32,130.05,106092
2013-09-30,129.07,128.37,127.27,129.07,67708
2013-10-01,128.48,127.23,126.21,128.48,62897
2013-10-02,126.68,129.18,125.5,129.81,152933
2013-10-03,129.37,127.57,127.1,130.08,290543
2013-10-04,127.39,127.62,127.08,128.61,159022
2013-10-07,127.04,127.99,126.73,128.7,139769
2013-10-08,127.92,128.08,127.6,129.02,80984
2013-10-09,127.8,128.82,127.48,129.26,560267
2013-10-10,129.36,131.37,129.36,131.57,138512
2013-10-11,131.22,133.75,131.22,134.85,272516
2013-10-14,133.13,135.51,133.05,136.15,98646
2013-10-15,135.48,136.43,134.68,136.59,187186
2013-10-16,137.31,137.79,136.35,138.03,162605
2013-10-17,137.02,137.57,136.3,137.69,108172
2013-10-18,138.08,137.76,137.12,138.32,247248
2013-10-21,137.62,137.14,136.66,138.33,67587
2013-10-22,137.62,138.33,136.99,138.97,213177
2013-10-23,138.19,138.5,136.92,139.69,201292
2013-10-24,139.39,140.5,138.75,141.13,129511
2013-10-25,140.86,139.51,139.03,140.94,200833
2013-10-28,139.22,140.25,138.18,140.64,136251
2013-10-29,139.68,141.11,139.53,141.58,114693
2013-10-30,141.32,139.75,139.51,141.71,84744
2013-10-31,140.46,141.45,139.83,143.02,246596
2013-11-01,140.91,142.81,140.36,143.2,159771
2013-11-04,142.44,142.21,141.82,143.07,49869
2013-11-05,142.45,142.21,140.49,143.47,91284
2013-11-06,142.06,139.54,139.07,143.23,83748
2013-11-07,139.94,138.84,138.6,142.86,77215
2013-11-08,137.88,140.71,137.57,140.94,74932
2013-11-11,139.85,139.22,138.44,140.79,70163
2013-11-12,136.22,137.0,133.16,138.26,139420
2013-11-13,136.13,137.07,135.08,137.62,105421
2013-11-14,136.54,136.62,136.31,137.87,79408
2013-11-15,136.82,140.09,136.82,140.55,115606
2013-11-18,139.92,137.28,136.66,140.23,102407
2013-11-19,136.91,137.37,136.44,138.77,51757
2013-11-20,137.6,138.37,137.21,139.54,96305
2013-11-21,137.77,137.46,137.16,138.78,38059
2013-11-22,138.2,136.88,136.73,138.51,152359
2013-11-25,136.57,135.95,135.18,137.65,92692
2013-11-26,135.81,137.04,135.04,137.51,161338
2013-11-27,136.37,137.76,135.52,138.6,137087
2013-11-29,137.12,137.66,136.89,137.89,45737
2013-12-02,136.95,135.12,134.81,137.34,113665
2013-12-03,134.06,133.99,132.99,134.52,74355
2013-12-04,132.81,133.49,131.89,134.26,69031
2013-12-05,133.32,132.63,131.79,133.32,67901
2013-12-06,133.82,132.98,131.83,134.9,235188
2013-12-09,132.74,132.74,131.32,133.27,256110
2013-12-10,132.08,133.6,130.55,134.06,118898
2013-12-11,133.73,133.88,132.81,134.95,106117
2013-12-12,133.54,133.23,132.93,134.38,58033
2013-12-13,133.59,134.13,131.98,134.51,84433
2013-12-16,133.51,135.04,133.09,135.2,100905
2013-12-17,132.67,131.83,130.38,133.1,110249
2013-12-18,132.39,132.85,129.78,133.23,68363
2013-12-19,132.24,131.78,130.56,132.55,47955
2013-12-20,131.63,133.91,131.63,135.44,64132
2013-12-23,134.7,136.07,134.47,136.46,51205
2013-12-24,136.29,136.45,134.99,137.06,11981
2013-12-26,137.77,136.69,135.77,138.62,33014
2013-12-27,136.46,136.61,134.91,136.77,39136
2013-12-30,136.74,137.28,136.12,137.9,41836
2013-12-31,136.21,137.76,136.21,138.45,38346
2014-01-02,137.72,138.11,137.1,139.19,93018
2014-01-03,138.7,137.0,136.15,138.7,55130
2014-01-06,138.01,135.92,134.99,138.4,78650
2014-01-07,134.74,133.28,132.51,135.05,149199
2014-01-08,133.59,133.43,132.12,134.13,82874
2014-01-09,134.49,134.25,133.48,135.57,81244
2014-01-10,134.73,135.2,134.34,135.74,40039
2014-01-13,134.19,132.64,132.25,134.89,58843
2014-01-14,132.77,134.01,132.77,134.4,74802
2014-01-15,134.18,133.4,132.93,134.18,65974
2014-01-16,132.66,132.51,132.12,133.52,68421
2014-01-17,132.32,132.79,131.7,133.26,110660
2014-01-21,133.98,131.17,130.38,133.98,113569
2014-01-22,131.27,130.72,129.93,133.38,82259
2014-01-23,130.04,129.8,128.55,130.04,45574
2014-01-24,128.31,126.36,125.65,130.9,107750
2014-01-27,126.14,126.22,125.44,129.07,396939
2014-01-28,125.66,124.96,124.88,126.99,153856
2014-01-29,123.49,123.96,123.02,124.73,178450
2014-01-30,124.9,122.95,122.57,124.9,257356
2014-01-31,122.09,121.93,121.7,123.57,108643
2014-02-03,121.67,117.91,117.83,123.07,243865
2014-02-04,118.96,118.1,117.55,120.37,543908
2014-02-05,118.79,119.65,118.16,121.05,287074
2014-02-06,120.46,122.49,118.74,123.12,187638
2014-02-07,128.76,132.66,128.76,136.56,236039
2014-02-10,133.31,134.02,130.73,134.33,123530
2014-02-11,133.4,136.21,132.94,136.61,124541
2014-02-12,135.49,134.33,133.86,136.5,57977
2014-02-13,134.2,134.2,132.34,135.21,67359
2014-02-14,133.48,133.79,132.94,135.11,78556
2014-02-18,134.7,134.78,133.06,135.48,141735
2014-02-19,136.32,134.99,134.6,137.1,100410
2014-02-20,134.95,133.63,132.53,134.95,58552
2014-02-21,133.02,134.11,132.48,134.81,97946
2014-02-24,134.61,136.8,134.61,137.74,107207
2014-02-25,137.79,138.11,137.79,138.81,131382
2014-02-26,138.92,137.98,137.35,139.08,113531
2014-02-27,137.9,138.68,137.35,138.84,72127
2014-02-28,139.29,140.78,137.79,141.41,81059
2014-03-03,139.27,139.19,137.69,140.68,86149
2014-03-04,141.27,141.83,141.03,142.22,75322
2014-03-05,141.17,141.49,139.98,142.51,66219
2014-03-06,140.36,140.36,139.45,141.54,38072
2014-03-07,141.47,138.01,137.46,141.47,50970
2014-03-10,138.89,137.63,136.45,138.89,71192
2014-03-11,138.23,137.36,136.72,138.54,108275
2014-03-12,137.28,138.62,135.42,139.34,80658
2014-03-13,139.39,135.12,134.8,139.39,63884
2014-03-14,134.63,135.18,134.35,136.37,95509
2014-03-17,135.12,134.57,133.23,135.91,87138
2014-03-18,134.62,136.83,134.46,137.46,107114
2014-03-19,136.31,135.68,134.74,137.02,96690
2014-03-20,135.3,135.06,133.96,136.01,62255
2014-03-21,134.07,133.28,132.15,135.24,203649
2014-03-24,134.1,133.0,132.61,135.04,60679
2014-03-25,132.86,131.61,130.98,133.83,25766
2014-03-26,131.57,129.0,128.92,131.73,80288
2014-03-27,128.49,128.95,128.49,130.44,60034
2014-03-28,129.06,128.67,128.28,130.39,30323
2014-03-31,128.87,129.88,128.32,130.11,28761
2014-04-01,130.06,132.01,129.9,132.4,65969
2014-04-02,131.87,132.42,131.25,132.73,44783
2014-04-03,133.09,131.05,130.81,133.64,94626
2014-04-04,130.32,130.71,130.32,133.53,93099
2014-04-07,130.0,130.63,129.38,132.11,71846
2014-04-08,129.68,129.37,128.74,132.01,37363
2014-04-09,129.2,130.21,128.74,130.98,30129
2014-04-10,130.2,127.87,127.72,131.36,42864
2014-04-11,126.74,125.96,124.8,128.44,71079
2014-04-14,127.25,127.09,125.39,127.71,43219
2014-04-15,128.02,126.55,124.14,128.02,40872
2014-04-16,127.88,127.8,126.94,128.97,32504
2014-04-17,127.45,127.76,126.83,128.69,21482
2014-04-21,127.49,128.73,125.17,128.73,64682
2014-04-22,128.52,129.76,127.9,129.99,90991
2014-04-23,130.32,131.25,130.01,131.36,39695
2014-04-24,132.52,132.13,130.42,132.52,57480
2014-04-25,131.73,130.33,130.18,131.73,43419
2014-04-28,130.55,130.39,128.45,131.44,77425
2014-04-29,131.01,131.09,130.47,133.0,92330
2014-04-30,130.16,128.07,126.49,130.16,149564
2014-05-01,128.66,129.9,128.51,130.76,76460
2014-05-02,129.3,129.61,128.65,130.61,80982
2014-05-05,127.91,129.14,127.84,129.75,80090
2014-05-06,128.93,127.93,127.78,129.08,62214
2014-05-07,128.83,127.3,126.37,128.83,74909
2014-05-08,127.8,127.65,125.95,128.03,92507
2014-05-09,128.43,133.58,128.43,133.85,213784
2014-05-12,134.28,134.51,133.51,136.05,121692
2014-05-13,134.49,133.41,132.56,134.8,69461
2014-05-14,132.82,129.66,129.59,133.33,111779
2014-05-15,129.05,127.06,126.75,129.05,75110
2014-05-16,127.53,128.07,125.15,128.3,54167
2014-05-19,127.66,127.43,126.74,128.43,21632
2014-05-20,126.56,125.19,124.58,126.56,112590
2014-05-21,125.9,126.05,125.13,127.35,55817
2014-05-22,126.58,128.58,125.82,128.58,46258
2014-05-23,129.08,128.24,127.01,129.08,50143
2014-05-27,128.54,129.31,128.0,129.46,39025
2014-05-28,129.22,127.84,127.38,129.22,40708
2014-05-29,127.68,127.14,126.46,127.76,49398
2014-05-30,126.76,126.46,126.23,127.45,42185
2014-06-02,126.53,127.51,125.92,127.82,128191
2014-06-03,127.98,128.89,127.44,129.73,76433
2014-06-04,129.03,129.64,128.65,130.79,38549
2014-06-05,130.9,132.36,129.37,132.36,70884
2014-06-06,132.72,132.65,131.88,133.95,95896
2014-06-09,132.78,132.94,132.4,135.02,57642
2014-06-10,132.68,132.52,131.67,133.37,50765
2014-06-11,132.05,132.2,131.28,132.97,67133
2014-06-12,131.25,129.56,129.48,131.25,74145
2014-06-13,129.66,128.28,127.59,129.66,44932
2014-06-16,128.3,128.99,126.68,129.07,107222
2014-06-17,129.05,129.51,127.74,129.97,50759
2014-06-18,128.93,131.32,128.78,131.47,93504
2014-06-19,132.51,132.51,129.5,132.66,71473
2014-06-20,131.95,131.79,129.79,133.26,81249
2014-06-23,131.61,130.06,129.49,132.38,57910
2014-06-24,130.5,131.74,130.5,132.74,78940
2014-06-25,131.04,132.58,130.26,133.12,77978
2014-06-26,133.3,135.39,131.53,135.39,235955
2014-06-27,134.57,135.42,133.84,135.8,165363
2014-06-30,134.59,134.21,133.67,135.44,129438
2014-07-01,134.73,135.89,134.66,136.39,89197
2014-07-02,136.89,138.21,136.26,138.68,70626
2014-07-03,138.22,138.22,137.52,138.61,36772
2014-07-07,137.61,136.53,135.99,137.61,103586
2014-07-08,136.84,136.53,135.6,137.23,198137
2014-07-09,136.64,136.87,136.02,137.73,83132
2014-07-10,135.21,135.21,134.29,135.83,99644
2014-07-11,135.12,135.43,134.66,136.28,101670
2014-07-14,136.7,135.77,135.01,136.7,100014
2014-07-15,135.6,135.91,135.44,136.83,185787
2014-07-16,136.54,135.69,135.23,136.92,104760
2014-07-17,135.96,135.11,134.81,136.2,96608
2014-07-18,135.66,136.51,135.27,137.28,131156
2014-07-21,136.23,135.53,135.38,136.92,66936
2014-07-22,136.98,136.05,135.66,137.29,36505
2014-07-23,136.33,136.95,135.47,136.95,53285
2014-07-24,136.94,138.66,136.94,138.74,113051
2014-07-25,138.75,138.05,137.66,138.75,102711
2014-07-28,138.22,137.59,136.65,138.93,60649
2014-07-29,137.49,136.78,136.35,138.82,65701
2014-07-30,136.69,136.38,135.59,137.32,70453
2014-07-31,135.77,135.61,135.26,137.43,92656
2014-08-01,135.37,137.03,134.98,137.35,52158
2014-08-04,137.28,137.52,135.86,137.83,53950
2014-08-05,137.56,136.61,136.14,137.56,102775
2014-08-06,135.72,135.88,135.09,136.2,94261
2014-08-07,135.85,134.27,133.72,136.32,132532
2014-08-08,133.37,132.26,126.42,133.37,354053
2014-08-11,133.39,134.03,132.36,134.74,83155
2014-08-12,133.87,133.39,133.19,135.21,86688
2014-08-13,134.39,132.97,131.93,134.39,87393
2014-08-14,131.96,134.42,131.96,134.5,135363
2014-08-15,134.73,132.84,132.6,134.73,117554
2014-08-18,133.87,133.08,132.6,135.37,143399
2014-08-19,133.08,132.06,131.66,133.08,35803
2014-08-20,131.75,134.83,131.75,135.14,145346
2014-08-21,135.63,136.19,134.92,136.42,117029
2014-08-22,135.26,134.63,133.84,135.26,121218
2014-08-25,135.66,136.37,134.68,136.45,175812
2014-08-26,136.21,135.97,135.81,136.44,47329
2014-08-27,136.51,136.51,135.72,136.75,105811
2014-08-28,136.41,136.96,134.55,137.52,67069
2014-08-29,138.02,137.31,136.51,138.02,94384
2014-09-02,136.9,135.39,135.39,137.61,121307
2014-09-03,135.49,136.13,135.49,136.28,178654
2014-09-04,135.92,136.0,135.53,137.1,85698
2014-09-05,136.55,137.1,136.0,137.26,83109
2014-09-08,136.38,135.99,135.59,136.7,95525
2014-09-09,134.92,133.04,132.81,135.63,191304
2014-09-10,133.12,134.61,132.64,135.0,120770
2014-09-11,134.23,133.44,133.28,134.94,77025
2014-09-12,133.59,132.57,132.01,133.59,56714
2014-09-15,132.72,132.48,131.14,133.2,46419
2014-09-16,132.99,133.47,132.75,134.46,46442
2014-09-17,133.44,133.12,132.8,133.92,93350
2014-09-18,133.22,133.38,132.58,133.62,43351
2014-09-19,133.38,134.5,133.06,134.66,55944
2014-09-22,133.81,133.17,132.85,133.81,70670
2014-09-23,132.82,132.9,132.26,133.38,117938
2014-09-24,132.64,132.72,131.84,133.04,40160
2014-09-25,133.2,132.07,131.83,133.52,92686
2014-09-26,133.12,134.65,132.71,135.06,52191
2014-09-29,133.5,133.58,132.85,134.43,217618
2014-09-30,133.01,130.58,130.1,133.01,204753
2014-10-01,129.54,127.61,127.12,129.86,184663
2014-10-02,127.14,126.33,125.36,128.66,100905
2014-10-03,127.12,126.96,126.55,127.44,71152
2014-10-06,126.75,126.75,126.43,127.79,103882
2014-10-07,126.41,123.23,123.19,126.65,65170
2014-10-08,122.52,126.29,122.28,126.37,121293
2014-10-09,125.74,122.22,121.58,125.74,87682
2014-10-10,121.45,119.3,119.14,121.89,121129
2014-10-13,118.33,115.47,115.31,119.6,76055
2014-10-14,115.16,115.47,115.0,116.5,87156
2014-10-15,113.18,114.21,112.4,116.06,188029
2014-10-16,112.88,112.72,111.54,114.46,270279
2014-10-17,113.2,112.49,111.78,114.62,218980
2014-10-20,111.95,113.64,111.95,113.68,223784
2014-10-21,114.49,118.19,114.49,118.58,179214
2014-10-22,118.99,117.33,117.17,118.99,494699
2014-10-23,118.29,119.08,118.21,120.02,102997
2014-10-24,119.58,121.4,119.58,121.72,93693
2014-10-27,121.22,119.32,118.85,121.22,55797
2014-10-28,118.41,118.17,117.0,118.72,122826
2014-10-29,118.12,118.67,117.65,119.3,75590
2014-10-30,118.39,118.16,117.53,119.18,61216
2014-10-31,120.13,118.4,117.3,120.84,45858
2014-11-03,118.33,118.96,118.33,119.99,41389
2014-11-04,118.49,116.44,116.04,119.36,85394
2014-11-05,117.5,117.34,116.63,118.45,38550
2014-11-06,118.87,118.87,118.64,122.44,230764
2014-11-07,118.88,117.38,117.14,119.12,118780
2014-11-10,118.58,118.35,117.0,118.58,37936
2014-11-11,118.75,118.35,117.83,119.38,63101
2014-11-12,117.55,118.9,117.55,119.81,128918
2014-11-13,120.12,118.09,116.89,120.12,189488
2014-11-14,118.17,119.36,117.77,119.64,159941
2014-11-17,118.33,118.57,117.3,119.56,255317
2014-11-18,118.09,118.17,117.54,118.88,243740
2014-11-19,118.07,118.54,117.36,118.86,621970
2014-11-20,114.58,117.53,114.18,118.32,670988
2014-11-21,119.1,118.22,117.98,119.49,311383
2014-11-24,118.63,119.74,117.72,120.18,458149
2014-11-25,119.4,119.08,118.97,119.96,330282
2014-11-26,118.4,119.74,118.09,119.98,238037
2014-11-28,120.01,118.75,118.51,120.56,124943
2014-12-01,118.59,119.22,118.51,120.25,408540
2014-12-02,118.79,120.29,117.76,120.68,247000
2014-12-03,120.31,119.99,118.97,120.31,358281
2014-12-04,119.34,119.34,118.78,120.2,240388
2014-12-05,119.06,119.68,118.66,119.84,255268
2014-12-08,119.66,117.85,117.54,120.17,206597
2014-12-09,117.07,118.64,116.76,118.64,392439
2014-12-10,119.08,117.34,117.27,119.08,230289
2014-12-11,118.64,116.74,116.62,118.92,171518
2014-12-12,116.57,116.01,115.86,117.04,235565
2014-12-15,117.07,113.02,112.95,117.07,262190
2014-12-16,112.4,112.64,112.4,115.17,212983
2014-12-17,113.29,114.09,112.5,114.48,188631
2014-12-18,115.99,115.35,114.87,116.71,156449
2014-12-19,115.56,116.12,115.56,116.83,366636
2014-12-22,116.76,117.39,116.04,118.43,198051
2014-12-23,117.58,119.33,117.34,119.93,140295
2014-12-24,119.94,118.99,117.79,119.94,40091
2014-12-26,119.91,120.23,119.47,120.31,56141
2014-12-29,120.99,121.55,120.74,122.07,70708
2014-12-30,121.7,122.18,120.33,122.66,88611
2014-12-31,122.13,121.17,121.09,123.1,81191
2015-01-02,120.76,119.56,118.12,121.95,106413
2015-01-05,119.11,116.95,116.07,119.11,117080
2015-01-06,116.76,115.32,114.13,116.92,148940
2015-01-07,116.59,115.31,114.03,116.59,149145
2015-01-08,116.48,118.24,115.76,119.05,114086
2015-01-09,118.23,119.11,117.51,119.55,116341
2015-01-12,119.01,117.81,117.09,119.01,68468
2015-01-13,118.17,117.37,116.17,118.89,83212
2015-01-14,116.29,116.77,113.97,117.01,175656
2015-01-15,117.79,116.51,115.95,117.79,119618
2015-01-16,116.21,116.05,115.57,116.69,38194
2015-01-20,116.55,115.51,113.99,116.63,92164
2015-01-21,115.39,115.55,114.2,116.11,56257
2015-01-22,115.82,117.5,114.86,118.06,81331
2015-01-23,117.19,117.19,116.71,118.63,84298
2015-01-26,119.14,119.86,116.5,119.94,49874
2015-01-27,118.42,119.3,117.98,120.42,140010
2015-01-28,119.42,117.74,117.46,119.5,222133
2015-01-29,118.02,115.7,114.18,118.42,92491
2015-01-30,115.0,115.4,114.12,117.15,257765
2015-02-02,116.3,115.82,114.22,116.3,110547
2015-02-03,116.49,121.22,116.49,121.78,143238
2015-02-04,120.58,121.06,120.42,121.86,97778
2015-02-05,121.64,121.96,120.04,122.45,113988
2015-02-06,123.19,126.4,123.19,126.96,191468
2015-02-09,126.81,130.11,126.81,130.68,135368
2015-02-10,130.08,130.8,126.99,131.2,249530
2015-02-11,130.79,131.19,130.54,132.07,210771
2015-02-12,132.54,132.21,131.49,133.26,57999
2015-02-13,132.39,132.39,132.06,133.52,59032
2015-02-17,131.48,133.25,131.24,133.33,95488
2015-02-18,133.47,132.82,131.94,133.65,83718
2015-02-19,132.56,132.88,131.67,133.04,47736
2015-02-20,133.0,133.81,131.24,134.53,85143
2015-02-23,132.75,135.23,132.75,135.31,170224
2015-02-24,134.55,134.87,133.36,135.43,141950
2015-02-25,135.11,135.59,134.79,136.39,117634
2015-02-26,134.44,133.81,133.25,135.48,93584
2015-02-27,134.16,134.24,134.0,135.2,145141
2015-03-02,134.38,135.82,134.38,136.38,74560
2015-03-03,136.02,133.7,133.46,136.02,80638
2015-03-04,133.28,132.8,131.52,133.76,144287
2015-03-05,133.12,132.96,132.49,133.76,139091
2015-03-06,132.35,130.59,130.04,133.54,90254
2015-03-09,130.64,129.36,128.93,131.51,96903
2015-03-10,128.65,126.43,126.19,129.37,226969
2015-03-11,127.19,127.59,126.16,128.07,124540
2015-03-12,128.43,130.73,128.43,131.01,69298
2015-03-13,131.11,130.71,128.64,131.27,201884
2015-03-16,131.5,132.21,130.7,132.45,100042
2015-03-17,130.79,130.56,129.44,130.79,83230
2015-03-18,129.71,131.37,129.0,131.97,115133
2015-03-19,131.64,130.68,129.41,131.64,152839
2015-03-20,131.62,132.26,131.62,133.3,72945
2015-03-23,133.26,133.5,133.1,134.1,132889
2015-03-24,133.85,133.76,132.96,134.49,147703
2015-03-25,133.23,130.81,130.73,133.71,155739
2015-03-26,129.31,128.43,127.87,129.7,117859
2015-03-27,128.33,128.25,128.05,129.38,74218
2015-03-30,130.03,129.87,129.63,131.49,59895
2015-03-31,129.57,129.08,128.59,130.54,119731
2015-04-01,129.08,129.65,128.1,129.97,191465
2015-04-02,129.04,129.32,128.31,129.93,65417
2015-04-06,129.33,130.63,128.84,131.52,36708
2015-04-07,130.0,129.11,129.11,130.81,37097
2015-04-08,129.25,128.36,127.92,130.63,145316
2015-04-09,128.31,127.26,126.94,129.12,91423
2015-04-10,127.1,127.01,126.61,127.74,58531
2015-04-13,126.95,128.48,126.95,128.56,72448
2015-04-14,128.51,127.55,127.47,129.0,115882
2015-04-15,127.65,127.25,127.0,128.21,80273
2015-04-16,127.3,126.41,125.37,127.3,171652
2015-04-17,125.63,124.5,123.78,125.63,136180
2015-04-20,125.16,124.52,124.32,125.57,111010
2015-04-21,124.5,122.82,122.82,124.9,84165
2015-04-22,122.82,123.38,122.18,124.18,338504
2015-04-23,123.35,123.67,122.35,124.03,134077
2015-04-24,123.0,122.92,122.12,123.84,60824
2015-04-27,122.38,122.54,122.38,124.68,223713
2015-04-28,122.08,125.48,121.84,125.64,215219
2015-04-29,125.13,124.02,123.94,125.76,214096
2015-04-30,123.63,123.55,123.23,124.9,230426
2015-05-01,124.36,126.22,124.2,126.3,152175
2015-05-04,126.17,127.52,125.7,127.6,103491
2015-05-05,127.45,125.87,124.96,127.85,199286
2015-05-06,120.75,118.36,117.33,120.82,523031
2015-05-07,119.15,118.91,118.27,119.23,211494
2015-05-08,119.77,120.33,119.3,120.49,55191
2015-05-11,120.13,124.24,119.73,125.15,280718
2015-05-12,123.64,120.94,120.22,123.8,189147
2015-05-13,121.24,120.45,120.29,121.52,194453
2015-05-14,121.12,121.08,120.08,121.6,126695
2015-05-15,120.95,122.07,120.55,122.47,96610
2015-05-18,122.02,122.9,121.02,123.18,153710
2015-05-19,123.5,123.5,122.42,123.74,53526
2015-05-20,122.97,122.57,122.41,123.37,95973
2015-05-21,122.61,123.25,122.33,123.49,52444
2015-05-22,122.21,121.61,121.25,122.45,61188
2015-05-26,121.43,119.99,119.35,122.14,103253
2015-05-27,120.58,120.9,119.86,121.93,96662
2015-05-28,120.54,120.66,119.83,120.7,93596
2015-05-29,120.7,119.82,119.5,121.26,117019
2015-06-01,119.62,119.86,118.74,120.34,75896
2015-06-02,119.66,119.42,119.02,120.46,95502
2015-06-03,119.77,119.77,119.13,120.49,64882
2015-06-04,119.67,118.3,118.02,120.07,78561
2015-06-05,118.64,117.91,117.27,118.64,107699
2015-06-08,117.83,117.67,117.51,118.56,74093
2015-06-09,117.92,115.5,115.42,117.92,106658
2015-06-10,115.95,115.62,115.3,117.0,148420
2015-06-11,116.83,115.94,115.57,116.83,107482
2015-06-12,116.12,115.64,114.74,116.45,90244
2015-06-15,115.02,114.21,114.04,115.39,83464
2015-06-16,114.03,113.54,113.54,114.43,60911
2015-06-17,113.52,113.19,112.63,114.66,87597
2015-06-18,114.07,115.61,114.07,116.34,141803
2015-06-19,115.62,118.97,115.62,119.62,186305
2015-06-22,118.87,119.19,118.79,120.17,101579
2015-06-23,119.4,119.23,119.23,120.37,139574
2015-06-24,119.53,118.14,117.86,120.51,208900
2015-06-25,118.36,117.21,117.13,118.85,170391
2015-06-26,118.19,119.91,117.04,120.9,993679
2015-06-29,119.76,115.56,115.44,120.34,155564
2015-06-30,116.15,117.39,114.67,117.88,193803
2015-07-01,118.36,117.94,117.28,118.77,128357
2015-07-02,118.34,117.1,117.02,120.73,136832
2015-07-06,115.77,113.96,113.63,116.06,312893
2015-07-07,114.52,116.18,112.91,116.43,168198
2015-07-08,115.21,114.13,113.8,115.62,127336
2015-07-09,115.51,114.1,114.02,116.34,131116
2015-07-10,114.91,114.74,114.16,115.86,52372
2015-07-13,115.73,116.48,115.64,117.14,127708
2015-07-14,115.65,116.15,115.24,116.31,59093
2015-07-15,116.2,116.86,115.62,116.94,100764
2015-07-16,117.59,118.59,117.34,118.59,74276
2015-07-17,118.77,118.77,117.78,119.35,104269
2015-07-20,118.91,119.53,118.17,119.62,72277
2015-07-21,119.13,117.56,117.39,119.37,89591
2015-07-22,116.61,117.02,115.87,117.84,120884
2015-07-23,117.2,118.52,116.46,118.52,117315
2015-07-24,118.32,118.56,116.76,118.89,172685
2015-07-27,118.17,117.76,117.35,119.97,151111
2015-07-28,118.56,117.24,114.87,118.56,85160
2015-07-29,117.25,117.91,116.51,118.24,166030
2015-07-30,117.16,117.24,115.93,117.49,106475
2015-07-31,117.71,117.14,116.77,118.61,87109
2015-08-03,117.67,115.45,114.92,117.67,121314
2015-08-04,116.1,116.76,115.85,118.2,78434
2015-08-05,117.47,117.31,116.31,117.92,136567
2015-08-06,116.97,112.77,110.68,116.97,163042
2015-08-07,112.0,113.56,110.85,113.6,50718
2015-08-10,114.11,115.26,113.29,115.59,84813
2015-08-11,114.99,113.34,112.51,115.48,139705
2015-08-12,112.21,114.36,111.34,115.39,163742
2015-08-13,118.93,122.63,118.93,128.65,213242
2015-08-14,122.27,122.76,122.02,123.59,167612
2015-08-17,122.87,124.36,122.87,124.61,142817
2015-08-18,123.69,123.52,123.03,124.43,122531
2015-08-19,123.78,123.04,121.8,124.2,100695
2015-08-20,122.15,117.34,117.14,122.4,129414
2015-08-21,116.85,114.95,114.78,118.1,272642
2015-08-24,108.34,107.85,104.37,109.58,393751
2015-08-25,111.68,109.11,108.53,113.33,493062
2015-08-26,111.36,110.95,107.6,112.27,283225
2015-08-27,111.57,113.45,110.74,113.95,209927
2015-08-28,113.18,115.41,113.18,116.02,152590
2015-08-31,114.49,113.67,112.36,114.57,149333
2015-09-01,111.85,109.63,108.8,112.02,328135
2015-09-02,110.46,109.39,108.24,112.84,259159
2015-09-03,109.54,111.59,108.84,112.91,147469
2015-09-04,110.2,107.81,107.44,110.82,149587
2015-09-08,109.83,110.82,109.17,111.23,188391
2015-09-09,111.49,109.6,109.31,112.31,152769
2015-09-10,108.95,107.8,107.48,109.69,175259
2015-09-11,107.5,108.08,106.89,108.2,123610
2015-09-14,107.18,105.86,105.29,107.26,148977
2015-09-15,105.96,106.37,104.98,106.94,118754
2015-09-16,106.52,106.6,105.37,107.09,165293
2015-09-17,105.68,107.23,104.87,109.84,413149
2015-09-18,107.94,104.44,104.12,107.94,2094116
2015-09-21,104.46,104.62,104.3,107.21,273433
2015-09-22,103.16,104.62,102.85,105.39,351792
2015-09-23,104.35,103.78,102.97,104.67,147258
2015-09-24,103.07,104.45,103.07,105.06,156354
2015-09-25,105.53,104.4,103.83,105.53,135761
2015-09-28,105.58,101.03,100.91,105.58,227950
2015-09-29,101.63,101.22,100.49,102.73,128174
2015-09-30,103.07,104.62,101.43,104.78,143898
2015-10-01,104.37,104.53,102.74,106.15,160049
2015-10-02,99.71,106.95,99.62,106.95,162998
2015-10-05,107.86,109.65,107.53,109.97,133498
2015-10-06,109.7,110.6,109.21,111.41,201712
2015-10-07,110.86,111.84,110.49,112.98,226820
2015-10-08,111.19,114.77,111.19,114.77,163428
2015-10-09,115.3,115.46,113.75,115.87,125331
2015-10-12,115.47,115.47,114.73,116.37,94995
2015-10-13,114.69,114.53,114.04,116.0,64583
2015-10-14,114.65,115.71,113.92,116.2,104859
2015-10-15,116.01,117.88,114.95,117.97,127355
2015-10-16,118.28,119.59,115.59,119.83,89106
2015-10-19,118.79,120.34,118.46,120.42,121980
2015-10-20,119.9,120.23,119.01,120.47,99379
2015-10-21,120.47,117.22,117.14,120.71,107982
2015-10-22,117.95,120.47,117.06,120.67,119179
2015-10-23,120.68,122.62,119.95,122.71,137286
2015-10-26,123.13,120.69,118.74,123.54,110454
2015-10-27,120.65,120.41,118.89,121.06,166013
2015-10-28,121.58,123.14,120.01,123.22,176480
2015-10-29,122.68,124.23,119.86,124.81,133596
2015-10-30,125.4,127.63,123.84,127.87,173327
2015-11-02,127.29,129.1,125.48,129.51,116556
2015-11-03,129.12,128.7,127.55,129.94,110376
2015-11-04,128.92,128.75,126.94,129.25,164202
2015-11-05,128.18,126.69,126.32,128.59,139466
2015-11-06,127.03,124.72,121.92,128.51,211383
2015-11-09,124.05,120.92,119.52,124.05,224399
2015-11-10,120.2,120.28,119.09,120.94,99263
2015-11-11,120.4,119.66,118.76,120.98,134952
2015-11-12,118.1,116.71,116.46,120.35,171261
2015-11-13,116.24,113.72,113.47,116.24,178044
2015-11-16,114.22,116.59,113.48,116.75,120650
2015-11-17,116.22,116.13,114.26,117.77,90333
2015-11-18,116.22,116.71,115.33,116.79,78900
2015-11-19,117.15,116.33,115.51,117.47,131275
2015-11-20,117.35,118.09,116.62,118.5,112473
2015-11-23,117.83,118.15,116.52,119.54,67273
2015-11-24,117.85,119.48,117.6,119.57,85204
2015-11-25,119.77,119.6,118.62,119.85,70164
2015-11-27,119.33,117.37,116.96,119.73,34014
2015-11-30,117.75,118.32,116.89,118.81,136097
2015-12-01,119.01,120.81,118.6,120.97,80079
2015-12-02,120.53,119.23,118.74,120.78,88960
2015-12-03,119.3,114.65,112.93,119.95,229228
2015-12-04,114.99,116.87,114.01,116.99,106107
2015-12-07,116.03,115.3,114.73,116.44,107902
2015-12-08,113.66,112.03,111.75,113.98,75545
2015-12-09,111.44,112.34,111.28,114.37,148241
2015-12-10,111.56,114.23,111.56,115.12,111267
2015-12-11,112.17,110.47,109.99,112.82,78016
2015-12-14,112.07,111.41,110.11,112.31,145025
2015-12-15,112.35,112.63,111.61,114.23,104016
2015-12-16,113.27,114.82,112.78,115.55,126785
2015-12-17,115.26,112.39,112.39,115.75,105379
2015-12-18,112.1,111.6,111.03,113.0,253786
2015-12-21,112.32,113.3,111.09,113.46,191096
2015-12-22,113.75,113.42,112.23,114.16,128366
2015-12-23,115.08,117.3,114.75,117.75,194860
2015-12-24,117.47,117.23,117.14,119.04,55979
2015-12-28,116.35,115.69,114.21,118.88,61374
2015-12-29,116.62,117.86,116.62,118.27,75450
2015-12-30,117.24,116.25,115.92,118.48,66798
2015-12-31,115.91,115.33,115.17,116.49,70526
2016-01-04,113.55,113.22,112.18,113.67,172243
2016-01-05,112.82,108.28,107.87,113.24,264066
2016-01-06,106.73,109.46,106.07,110.16,218633
2016-01-07,107.27,107.68,106.77,108.63,216459
2016-01-08,108.21,107.3,106.39,108.46,170918
2016-01-11,108.01,104.62,103.3,108.26,213993
2016-01-12,105.16,105.45,103.92,106.06,94260
2016-01-13,106.19,103.3,102.72,106.76,104180
2016-01-14,103.19,107.37,102.86,108.02,136007
2016-01-15,104.58,105.57,103.93,107.47,191396
2016-01-19,106.07,104.11,102.11,106.07,123567
2016-01-20,102.13,101.56,98.72,102.78,184580
2016-01-21,101.42,103.12,100.44,104.66,81125
2016-01-22,105.19,105.84,104.46,106.09,135679
2016-01-25,105.61,104.43,104.07,106.27,94663
2016-01-26,104.7,106.73,103.65,106.89,104138
2016-01-27,106.74,106.41,105.84,108.61,79469
2016-01-28,107.9,107.53,105.29,108.55,70701
2016-01-29,107.56,108.37,107.07,108.69,97042
2016-02-01,107.27,106.7,104.71,108.41,107298
2016-02-02,105.25,101.93,101.36,105.25,110998
2016-02-03,102.98,102.89,100.14,104.19,209901
2016-02-04,102.17,103.14,102.17,104.83,277652
2016-02-05,99.76,96.2,92.9,99.76,714127
2016-02-08,93.95,90.19,87.79,94.59,351507
2016-02-09,88.78,88.86,87.81,90.42,235109
2016-02-10,88.74,88.82,88.66,91.01,200167
2016-02-11,88.34,86.51,85.28,88.34,148979
2016-02-12,87.68,89.51,87.6,89.67,280788
2016-02-16,91.69,92.33,90.49,93.29,158694
2016-02-17,93.45,92.81,92.05,94.73,145901
2016-02-18,93.33,91.81,91.65,93.33,114614
2016-02-19,91.58,92.7,90.62,93.42,234293
2016-02-22,93.97,94.05,93.17,94.61,72355
2016-02-23,93.61,93.13,92.97,94.89,166933
2016-02-24,92.0,92.89,91.52,93.05,83722
2016-02-25,93.11,92.47,90.94,93.27,109932
2016-02-26,93.51,93.59,92.62,94.2,60749
2016-02-29,93.9,92.52,92.52,94.27,104022
2016-03-01,93.05,92.32,91.51,93.37,120049
2016-03-02,92.17,93.87,92.09,93.96,76912
2016-03-03,93.25,93.33,92.05,93.5,98987
2016-03-04,93.74,94.46,92.53,95.11,165813
2016-03-07,93.08,96.06,93.08,96.34,72708
2016-03-08,95.77,93.2,93.04,96.1,105859
2016-03-09,93.78,95.23,93.54,96.67,146967
2016-03-10,95.82,94.77,93.31,96.22,106428
2016-03-11,95.77,100.13,94.48,100.13,100229
2016-03-14,99.92,98.3,97.41,100.24,102742
2016-03-15,97.19,99.12,96.46,99.37,145420
2016-03-16,99.15,103.27,98.73,103.39,488861
2016-03-17,102.94,105.44,102.94,106.84,114254
2016-03-18,105.64,103.63,103.35,106.6,152063
2016-03-21,103.89,104.78,103.33,105.1,65758
2016-03-22,104.42,106.68,104.42,106.84,127705
2016-03-23,106.69,105.4,105.32,107.63,210766
2016-03-24,105.45,106.59,104.71,106.67,69620
2016-03-28,107.05,109.1,106.48,109.34,108276
2016-03-29,108.92,109.58,107.74,109.99,55778
2016-03-30,109.74,108.03,107.05,109.97,142289
2016-03-31,108.29,108.21,107.72,109.19,72846
2016-04-01,107.51,110.71,106.37,110.87,72709
2016-04-04,110.38,107.93,107.89,110.38,111982
2016-04-05,106.92,106.84,106.51,107.99,74409
2016-04-06,107.61,109.01,106.54,109.21,121232
2016-04-07,108.61,106.97,106.1,109.07,136402
2016-04-08,107.61,104.98,104.61,107.61,191458
2016-04-11,104.83,104.34,104.34,105.82,51579
2016-04-12,105.52,106.76,105.44,107.34,59997
2016-04-13,107.1,108.09,106.77,108.18,82764
2016-04-14,108.82,109.07,108.82,110.23,117991
2016-04-15,109.13,108.55,107.73,109.3,66553
2016-04-18,107.92,107.0,106.67,108.41,98561
2016-04-19,107.17,107.67,106.35,108.79,58814
2016-04-20,107.64,107.56,107.48,108.8,63327
2016-04-21,107.79,109.61,107.79,110.78,93282
2016-04-22,109.75,110.67,109.75,111.25,101370
2016-04-25,110.48,108.81,108.32,110.64,76418
2016-04-26,108.68,110.26,108.18,110.76,72928
2016-04-27,110.3,109.71,108.88,111.38,93124
2016-04-28,108.66,108.5,108.0,110.49,84385
2016-04-29,108.22,107.64,105.98,108.72,84427
2016-05-02,107.9,109.56,107.57,110.14,84542
2016-05-03,108.38,106.55,106.06,108.88,70690
2016-05-04,105.92,105.42,105.01,106.59,93471
2016-05-05,106.56,106.23,105.31,106.56,51732
2016-05-06,106.64,110.24,103.96,110.41,170114
2016-05-09,109.78,106.59,105.34,110.11,76268
2016-05-10,107.63,107.46,106.22,107.71,66760
2016-05-11,106.83,106.5,105.57,107.38,117465
2016-05-12,107.09,104.47,104.09,107.22,88440
2016-05-13,104.31,102.11,102.03,105.25,97227
2016-05-16,102.45,103.13,102.03,103.38,87399
2016-05-17,101.99,101.74,101.65,103.71,85247
2016-05-18,100.61,100.36,98.4,101.2,201579
2016-05-19,100.19,100.11,99.77,100.86,128912
2016-05-20,100.44,102.54,99.02,103.12,113273
2016-05-23,103.01,101.75,101.58,103.93,74096
2016-05-24,102.18,102.51,101.59,102.64,92807
2016-05-25,103.05,104.39,103.05,104.9,65432
2016-05-26,104.36,103.01,102.92,104.86,83342
2016-05-27,103.21,103.72,102.8,103.97,88664
2016-05-31,103.95,104.29,103.11,104.37,149008
2016-06-01,104.23,105.0,103.47,105.34,200211
2016-06-02,105.34,105.94,104.57,105.94,178329
2016-06-03,105.6,105.0,103.38,106.02,87073
2016-06-06,105.16,106.61,105.16,106.91,69862
2016-06-07,106.87,104.4,103.97,106.87,99710
2016-06-08,104.32,104.4,103.81,105.17,97082
2016-06-09,104.65,104.13,103.19,104.82,139029
2016-06-10,103.49,102.11,100.86,103.93,111414
2016-06-13,101.63,102.58,101.63,104.04,77396
2016-06-14,102.07,101.3,100.01,102.76,81762
2016-06-15,101.32,102.95,101.32,104.67,80852
2016-06-16,102.62,100.56,99.87,102.62,88412
2016-06-17,100.4,99.46,98.94,100.48,93192
2016-06-20,101.1,101.01,100.41,102.04,54131
2016-06-21,101.52,102.21,100.14,102.47,84436
2016-06-22,101.54,103.25,101.37,104.06,128838
2016-06-23,104.2,104.2,103.44,105.87,80216
2016-06-24,99.91,98.2,97.81,99.91,155425
2016-06-27,97.07,93.73,93.39,97.33,125344
2016-06-28,94.68,94.76,93.99,95.62,177873
2016-06-29,95.91,99.1,94.11,99.1,143370
2016-06-30,99.3,100.25,98.96,100.67,81989
2016-07-01,100.52,101.12,100.0,102.36,53877
2016-07-05,100.78,100.18,99.02,101.38,180924
2016-07-06,99.97,100.27,98.76,100.48,143806
2016-07-07,100.78,101.56,100.78,102.64,117483
2016-07-08,102.69,103.55,102.51,104.41,133713
2016-07-11,104.3,105.86,104.3,106.21,66633
2016-07-12,107.86,109.16,107.09,109.42,105395
2016-07-13,109.93,110.45,109.15,110.54,73323
2016-07-14,111.73,111.21,110.0,112.69,63602
2016-07-15,111.79,110.92,107.89,111.79,105169
2016-07-18,111.17,112.04,110.65,112.99,65361
2016-07-19,111.72,112.15,110.64,112.41,104720
2016-07-20,112.9,112.98,112.03,113.64,127381
2016-07-21,112.91,111.78,111.35,113.17,106908
2016-07-22,112.34,113.03,112.34,113.55,124340
2016-07-25,113.17,113.26,112.22,113.86,68211
2016-07-26,113.95,115.25,113.95,115.78,113158
2016-07-27,115.8,115.19,114.14,116.5,142490
2016-07-28,115.92,115.92,115.08,116.45,60838
2016-07-29,116.03,118.41,115.94,118.76,116780
2016-08-01,118.01,116.96,116.43,118.54,83588
2016-08-02,115.92,114.79,113.83,115.92,69162
2016-08-03,114.11,114.29,113.76,115.16,54520
2016-08-04,114.44,115.49,114.44,115.76,69555
2016-08-05,116.6,116.16,115.72,118.0,75398
2016-08-08,115.83,115.31,114.96,116.44,61785
2016-08-09,115.35,119.6,113.96,120.56,135627
2016-08-10,118.9,118.64,117.0,119.24,113860
2016-08-11,119.37,120.32,117.89,121.27,110039
2016-08-12,121.25,122.29,121.25,122.38,69651
2016-08-15,123.5,123.68,123.16,124.2,58391
2016-08-16,122.42,123.03,122.16,123.64,89588
2016-08-17,123.21,123.47,123.04,123.91,116601
2016-08-18,123.86,123.42,122.9,124.64,132244
2016-08-19,123.08,123.12,122.47,123.6,89416
2016-08-22,123.68,124.47,122.28,124.47,117968
2016-08-23,124.95,124.25,123.9,125.39,68282
2016-08-24,124.16,124.16,124.08,124.95,132684
2016-08-25,124.1,124.8,123.49,125.41,129149
2016-08-26,125.26,125.52,124.12,126.57,103073
2016-08-29,125.8,125.62,125.01,126.41,81183
2016-08-30,125.6,125.68,124.63,126.17,58601
2016-08-31,125.56,126.34,124.16,126.43,110419
2016-09-01,127.11,125.44,124.21,127.11,159479
2016-09-02,125.94,124.8,123.75,126.11,189216
2016-09-06,125.0,122.65,121.95,127.97,159651
2016-09-07,122.48,122.83,121.96,123.09,139877
2016-09-08,122.0,123.49,122.0,125.53,163886
2016-09-09,123.66,120.16,120.16,123.66,102071
2016-09-12,118.15,126.99,118.15,127.08,420314
2016-09-13,125.24,124.8,123.84,125.85,816028
2016-09-14,124.57,124.57,123.0,124.7,669676
2016-09-15,124.4,122.76,122.32,124.49,578988
2016-09-16,122.09,121.48,121.22,122.92,375487
2016-09-19,121.3,121.3,120.78,122.34,177288
2016-09-20,121.95,121.51,120.91,122.2,194963
2016-09-21,122.4,123.61,121.71,124.05,127016
2016-09-22,124.43,125.73,123.91,125.99,114191
2016-09-23,126.16,125.64,125.64,127.11,44924
2016-09-26,123.86,122.56,122.13,124.2,100443
2016-09-27,123.77,124.9,123.33,124.9,67338
2016-09-28,124.99,124.82,124.16,125.91,191714
2016-09-29,124.89,123.83,123.18,126.2,209692
2016-09-30,124.49,124.75,124.31,126.07,251690
2016-10-03,123.65,130.65,123.65,131.35,655345
2016-10-04,130.35,128.68,128.42,131.31,651162
2016-10-05,128.35,132.72,128.0,133.16,501917
2016-10-06,131.72,131.89,128.83,132.77,602634
2016-10-07,132.32,127.32,126.71,132.41,152297
2016-10-10,126.43,124.25,123.38,128.57,163809
2016-10-11,124.75,122.14,120.83,124.75,115205
2016-10-12,120.59,118.86,118.86,121.45,110221
2016-10-13,118.02,119.31,116.94,120.17,73688
2016-10-14,123.3,118.56,117.7,123.3,70552
2016-10-17,117.8,118.23,116.73,118.23,48412
2016-10-18,119.81,118.96,116.82,120.24,85614
2016-10-19,120.31,120.31,118.59,121.17,77472
2016-10-20,123.23,119.34,116.74,123.23,95685
2016-10-21,117.53,118.39,117.1,119.69,81536
2016-10-24,118.89,114.13,114.13,119.75,249419
2016-10-25,115.0,112.41,111.54,118.46,88735
2016-10-26,111.67,113.83,111.67,114.7,88244
2016-10-27,112.5,109.04,107.52,112.5,168189
2016-10-28,109.11,108.25,107.81,110.85,92799
2016-10-31,108.37,107.51,107.51,110.11,140067
2016-11-01,108.42,107.55,105.81,110.15,108342
2016-11-02,108.33,105.71,105.27,108.76,115346
2016-11-03,106.07,106.51,105.63,108.7,126000
2016-11-04,107.32,106.45,106.01,108.64,146855
2016-11-07,107.79,109.54,106.92,110.42,72187
2016-11-08,100.75,106.0,98.56,106.88,148203
2016-11-09,105.13,108.2,103.82,109.95,83097
2016-11-10,107.4,107.4,104.79,109.14,138422
2016-11-11,106.2,107.5,105.76,108.37,131035
2016-11-14,107.62,108.93,106.75,110.67,141235
2016-11-15,108.02,107.15,106.72,109.32,80365
2016-11-16,106.42,107.29,104.68,108.16,102001
2016-11-17,106.67,106.67,105.81,107.97,50615
2016-11-18,106.13,105.27,104.83,106.99,54847
2016-11-21,105.89,104.59,104.16,106.33,88473
2016-11-22,104.65,104.65,103.78,105.96,82207
2016-11-23,104.66,105.1,103.79,105.53,60034
2016-11-25,106.07,105.2,105.2,107.15,41614
2016-11-28,105.49,105.06,104.62,107.01,117045
2016-11-29,104.69,103.39,102.08,105.56,75083
2016-11-30,103.8,104.24,102.71,104.9,53302
2016-12-01,104.04,104.48,103.17,105.79,60869
2016-12-02,104.96,104.96,104.52,105.83,121708
2016-12-05,105.26,105.26,104.39,106.13,80047
2016-12-06,105.27,105.27,104.4,106.15,151721
2016-12-07,105.12,105.99,104.68,106.86,173800
2016-12-08,105.55,105.98,105.11,107.28,138418
2016-12-09,106.18,107.92,106.18,108.79,77006
2016-12-12,107.34,107.34,107.34,108.86,121134
2016-12-13,107.76,106.88,106.01,109.5,294932
2016-12-14,106.82,106.39,105.95,108.35,100477
2016-12-15,107.18,105.43,104.77,108.49,85301
2016-12-16,105.89,105.01,103.7,106.76,165139
2016-12-19,104.76,106.07,104.32,106.07,57532
2016-12-20,105.9,104.15,103.72,106.33,103006
2016-12-21,104.68,105.12,103.37,105.77,87953
2016-12-22,105.05,105.05,104.18,105.92,38770
2016-12-23,105.0,104.56,104.13,105.43,23635
2016-12-27,104.89,106.19,104.89,106.19,35636
2016-12-28,106.87,105.12,104.69,107.3,45579
2016-12-29,104.55,104.98,103.24,105.42,75631
2016-12-30,105.86,102.81,102.38,105.86,63475
2017-01-03,104.1,104.97,103.66,106.71,94468
2017-01-04,105.31,107.05,105.31,107.49,88083
2017-01-05,106.42,106.86,106.2,107.73,92662
2017-01-06,107.05,107.05,105.74,108.36,41340
2017-01-09,106.92,108.23,106.92,108.66,52064
2017-01-10,108.34,109.66,107.68,109.66,75757
2017-01-11,109.21,110.09,108.11,110.09,101194
2017-01-12,108.97,108.53,107.23,109.84,128339
2017-01-13,108.74,108.74,108.31,109.83,42917
2017-01-17,108.62,111.24,107.74,111.46,58831
2017-01-18,111.08,109.77,108.46,111.08,105945
2017-01-19,109.16,108.29,107.86,109.6,52714
2017-01-20,108.11,107.25,107.25,108.98,79032
2017-01-23,107.33,107.76,106.9,108.2,56275
2017-01-24,108.02,110.21,107.58,110.5,38248
2017-01-25,109.96,110.84,109.53,111.71,90663
2017-01-26,111.72,109.97,109.53,112.16,47858
2017-01-27,110.87,111.75,110.43,112.2,67108
2017-01-30,111.93,111.93,109.72,111.93,53145
2017-01-31,111.26,110.82,108.63,111.26,52022
2017-02-01,110.22,110.65,108.91,111.09,44793
2017-02-02,110.87,109.99,109.12,110.87,49007
2017-02-03,109.89,109.89,109.01,110.32,36181
2017-02-06,109.64,109.2,109.2,110.51,22281
2017-02-07,109.2,109.2,107.89,109.63,42463
2017-02-08,108.66,107.79,106.93,108.66,33754
2017-02-09,107.68,110.72,107.68,110.72,51974
2017-02-10,108.76,118.33,108.76,119.64,83508
2017-02-13,119.77,116.71,116.71,120.65,72102
2017-02-14,117.07,116.63,115.76,117.94,65718
2017-02-15,115.74,117.93,115.74,118.59,170869
2017-02-16,117.62,117.18,116.09,118.05,64273
2017-02-17,117.92,118.8,116.16,119.24,79675
2017-02-21,118.6,119.92,117.72,121.24,98885
2017-02-22,120.41,119.96,118.2,120.41,47659
2017-02-23,120.18,118.86,117.76,120.18,50786
2017-02-24,118.88,118.0,116.45,118.88,31603
2017-02-27,118.16,118.16,117.28,119.05,75229
2017-02-28,117.81,116.49,115.61,118.25,56809
2017-03-01,117.47,118.36,117.03,119.24,42324
2017-03-02,118.05,116.73,115.85,118.49,53419
2017-03-03,116.42,116.42,115.1,116.42,47409
2017-03-06,116.12,117.0,115.68,117.45,34663
2017-03-07,116.71,114.94,114.05,118.47,60607
2017-03-08,113.72,112.84,112.62,115.05,54100
2017-03-09,113.79,112.91,111.63,113.79,45417
2017-03-10,113.56,113.12,110.91,114.01,34603
2017-03-13,112.51,111.18,110.96,112.95,52035
2017-03-14,110.89,112.21,110.45,112.21,33283
2017-03-15,112.77,114.1,111.44,114.54,40511
2017-03-16,113.41,114.29,113.41,114.96,34375
2017-03-17,114.48,114.48,113.59,115.36,57847
2017-03-20,114.82,113.94,113.28,114.82,26726
2017-03-21,114.57,113.25,112.81,115.01,70668
2017-03-22,113.8,113.8,112.04,113.8,71285
2017-03-23,114.05,114.05,113.17,114.71,89396
2017-03-24,114.28,113.84,113.18,114.94,60683
2017-03-27,113.46,113.9,113.02,114.78,60604
2017-03-28,114.46,117.12,114.46,117.56,60328
2017-03-29,117.09,118.86,116.65,119.3,94212
2017-03-30,119.56,121.33,118.67,122.21,242164
2017-03-31,121.0,119.24,117.69,121.0,62465
2017-04-03,119.6,116.95,116.51,119.6,51993
2017-04-04,116.72,115.84,115.4,117.6,61439
2017-04-05,115.9,115.02,113.91,116.34,55741
2017-04-06,114.96,114.52,113.64,115.76,43981
2017-04-07,113.97,113.97,113.53,114.41,17467
2017-04-10,113.57,113.57,113.13,114.89,32287
2017-04-11,113.27,113.27,112.83,114.15,48099
2017-04-12,113.93,114.37,113.27,114.82,48728
2017-04-13,113.5,112.18,112.18,114.39,34294
2017-04-17,113.38,113.83,112.5,114.27,30760
2017-04-18,113.76,112.43,111.54,113.76,46852
2017-04-19,112.55,113.43,112.55,114.31,29137
2017-04-20,113.83,118.26,113.83,119.14,55249
2017-04-21,117.96,117.96,116.41,118.85,47173
2017-04-24,118.67,118.23,117.78,119.11,120684
2017-04-25,118.87,119.31,118.42,119.75,23203
2017-04-26,119.32,117.99,117.99,120.21,80936
2017-04-27,118.64,117.75,117.75,119.31,61678
2017-04-28,117.74,115.52,114.63,117.74,97131
2017-05-01,115.37,114.93,114.26,115.81,26260
2017-05-02,115.35,114.47,114.47,115.8,38611
2017-05-03,113.7,113.7,112.82,114.59,41489
2017-05-04,113.73,113.29,112.41,113.73,38913
2017-05-05,113.17,114.93,113.17,114.93,20756
2017-05-08,114.8,116.13,114.8,116.13,45928
2017-05-09,116.94,119.16,116.5,119.16,82906
2017-05-10,115.69,116.58,113.01,121.49,76862
2017-05-11,116.52,116.07,114.96,117.41,63374
2017-05-12,115.93,116.38,115.48,116.82,44745
2017-05-15,115.25,117.46,115.25,117.68,30831
2017-05-16,116.55,116.99,116.11,117.43,38621
2017-05-17,115.85,114.54,114.31,116.29,54735
2017-05-18,115.15,114.71,114.0,115.81,61819
2017-05-19,114.77,116.09,114.33,116.31,25645
2017-05-22,116.12,119.2,116.12,119.2,24271
2017-05-23,119.0,118.56,117.68,120.09,37907
2017-05-24,119.09,119.97,118.65,119.97,25383
2017-05-25,119.57,119.13,118.7,120.01,21278
2017-05-26,119.31,121.07,119.31,121.07,40139
2017-05-30,121.39,120.07,119.19,121.39,29278
2017-05-31,120.94,120.94,118.95,121.38,38811
2017-06-01,120.89,123.54,120.89,123.54,47833
2017-06-02,123.0,123.0,121.67,123.88,138054
2017-06-05,122.63,121.31,121.31,123.51,156838
2017-06-06,122.15,122.59,120.83,123.03,150333
2017-06-07,122.79,121.04,120.6,122.79,138825
2017-06-08,120.28,122.03,118.53,122.03,47961
2017-06-09,122.4,123.72,121.31,123.72,30530
2017-06-12,123.32,123.32,122.89,125.08,26274
2017-06-13,123.05,122.18,121.96,123.71,22600
2017-06-14,122.63,122.2,121.32,123.07,108602
2017-06-15,122.54,122.97,121.66,123.19,28726
2017-06-16,123.73,124.17,122.85,125.05,101070
2017-06-19,123.64,124.52,123.64,124.95,22050
2017-06-20,124.82,122.63,122.2,124.82,47984
2017-06-21,123.26,122.82,122.38,124.14,36052
2017-06-22,122.86,122.86,121.1,123.74,23039
2017-06-23,122.29,123.61,121.41,124.05,59416
2017-06-26,124.11,124.55,123.22,124.99,23269
2017-06-27,124.35,124.35,123.47,125.67,41885
2017-06-28,124.62,125.94,124.62,126.82,45600
2017-06-29,125.71,123.51,121.54,126.59,59425
2017-06-30,123.92,124.36,123.04,124.8,27089
2017-07-03,126.12,126.12,124.35,126.56,23726
2017-07-05,126.36,125.03,124.59,126.36,29916
2017-07-06,124.28,120.31,120.31,124.28,39315
2017-07-07,120.26,120.69,119.38,121.57,53200
2017-07-10,119.53,118.22,118.0,120.84,33557
2017-07-11,119.38,120.26,118.07,120.47,40089
2017-07-12,120.87,119.12,119.12,121.3,34113
2017-07-13,119.19,120.07,119.19,120.51,28682
2017-07-14,120.2,122.83,119.98,123.27,55505
2017-07-17,123.09,123.97,122.65,125.29,42526
2017-07-18,124.43,124.43,123.55,125.1,20999
2017-07-19,124.72,126.93,124.72,127.6,25155
2017-07-20,127.47,127.03,126.59,128.8,27759
2017-07-21,125.67,127.44,125.67,128.32,57151
2017-07-24,126.7,127.14,126.26,127.58,39300
2017-07-25,128.17,128.17,125.53,128.61,44236
2017-07-26,128.83,128.39,128.39,129.7,35080
2017-07-27,128.78,129.22,128.78,130.1,46069
2017-07-28,128.69,130.01,128.69,130.89,33058
2017-07-31,129.63,128.76,128.32,130.07,23988
2017-08-01,129.45,129.89,128.58,130.32,48211
2017-08-02,129.45,129.01,127.7,129.45,63696
2017-08-03,128.88,128.01,126.26,129.32,27969
2017-08-04,127.1,126.67,125.8,127.54,38704
2017-08-07,125.63,127.79,125.63,128.22,22133
2017-08-08,127.66,126.36,125.5,127.66,34261
2017-08-09,126.43,125.99,124.69,126.86,29317
2017-08-10,126.04,121.28,120.84,126.04,75857
2017-08-11,123.61,119.71,119.49,124.91,35674
2017-08-14,120.86,119.56,118.7,121.29,43704
2017-08-15,120.1,118.37,117.94,120.1,31494
2017-08-16,118.66,117.79,117.36,119.52,62473
2017-08-17,117.56,117.56,117.13,119.49,44412
2017-08-18,116.9,118.19,115.82,119.05,84555
2017-08-21,117.66,118.09,116.8,118.52,55967
2017-08-22,117.8,118.22,117.37,118.65,28938
2017-08-23,117.01,115.3,115.3,117.22,46326
2017-08-24,115.6,115.6,114.32,115.6,34554
2017-08-25,115.54,116.39,114.69,117.23,26271
2017-08-28,116.27,116.27,115.0,116.69,34953
2017-08-29,114.87,115.29,114.45,115.71,32861
2017-08-30,115.44,115.02,114.17,116.29,74395
2017-08-31,115.39,116.24,115.39,116.66,46117
2017-09-01,116.14,116.99,116.14,117.41,68073
2017-09-05,116.49,114.8,114.37,116.91,80712
2017-09-06,115.14,115.57,114.72,116.84,58363
2017-09-07,116.12,116.97,116.12,117.81,56409
2017-09-08,117.49,114.08,114.08,118.34,70256
2017-09-11,115.14,115.99,114.29,116.42,32074
2017-09-12,115.33,114.91,114.27,116.19,116016
2017-09-13,115.75,113.2,111.5,115.75,77475
2017-09-14,113.4,113.83,112.55,114.68,97781
2017-09-15,113.15,114.86,113.15,115.71,159813
2017-09-18,116.02,115.59,114.73,116.45,55247
2017-09-19,115.56,115.99,114.27,115.99,78578
2017-09-20,116.4,117.26,115.96,117.26,74690
2017-09-21,116.66,116.23,115.36,117.31,60905
2017-09-22,115.7,115.7,115.05,116.56,19329
2017-09-25,116.63,117.93,115.76,117.93,39714
2017-09-26,117.18,115.46,115.03,117.18,89797
2017-09-27,115.1,116.82,115.1,117.68,49251
2017-09-28,116.66,117.95,115.79,119.25,121044
2017-09-29,117.69,118.12,116.82,118.12,39260
2017-10-02,118.91,119.35,118.04,119.78,40859
2017-10-03,118.77,118.77,117.47,119.64,33705
2017-10-04,118.65,118.65,117.78,119.52,32380
2017-10-05,118.4,118.4,117.76,119.27,60246
2017-10-06,117.83,117.83,116.97,118.48,32656
2017-10-09,117.87,117.01,116.58,117.87,15306
2017-10-10,117.77,119.49,117.34,119.49,94472
2017-10-11,118.72,118.29,117.43,118.72,34588
2017-10-12,117.57,118.85,117.57,119.28,22731
2017-10-13,119.78,120.64,118.49,120.85,23908
2017-10-16,119.59,120.01,118.73,120.44,33419
2017-10-17,119.62,119.2,118.34,119.62,19157
2017-10-18,119.51,120.8,119.09,120.8,64567
2017-10-19,119.77,118.91,118.48,119.77,24680
2017-10-20,119.65,120.08,118.8,120.08,53006
2017-10-23,119.55,119.12,118.7,119.97,36540
2017-10-24,119.25,119.25,118.82,120.1,64060
2017-10-25,119.36,119.79,118.08,120.22,51012
2017-10-26,120.07,120.07,119.43,121.36,61645
2017-10-27,120.29,119.86,118.57,120.72,64347
2017-10-30,119.76,121.48,119.33,121.48,29065
2017-10-31,121.1,119.38,119.38,121.1,29618
2017-11-01,120.24,120.67,119.38,121.95,56078
2017-11-02,120.5,120.93,119.21,121.79,57086
2017-11-03,120.95,122.24,120.52,122.24,35509
2017-11-06,122.41,125.87,122.41,126.3,45607
2017-11-07,125.65,124.78,124.56,128.25,41790
2017-11-08,124.52,124.95,123.65,125.38,36751
2017-11-09,124.62,127.65,124.19,128.52,58554
2017-11-10,130.83,134.29,128.67,139.9,101082
2017-11-13,134.38,135.25,132.65,136.55,54394
2017-11-14,134.06,134.49,132.76,136.65,44044
2017-11-15,135.02,134.59,133.51,135.02,39609
2017-11-16,134.7,138.15,133.83,138.58,41363
2017-11-17,138.38,140.55,137.94,141.2,147057
2017-11-20,140.08,138.35,137.7,140.08,120617
2017-11-21,138.31,138.31,137.66,139.18,340587
2017-11-22,138.21,137.35,136.91,138.21,219636
2017-11-24,138.1,137.67,136.64,138.54,20982
2017-11-27,139.04,138.61,137.74,139.04,77959
2017-11-28,137.75,142.1,137.75,142.1,83677
2017-11-29,141.23,143.41,141.23,144.5,102652
2017-11-30,142.46,143.34,142.03,145.09,97367
2017-12-01,143.46,143.02,139.54,143.46,92611
2017-12-04,143.37,145.99,142.5,148.6,130824
2017-12-05,146.26,144.08,142.56,146.48,96472
2017-12-06,145.3,144.86,143.55,145.96,56987
2017-12-07,145.38,144.94,144.06,145.38,30584
2017-12-08,145.96,147.72,145.52,147.72,77887
2017-12-11,149.37,149.37,148.04,150.25,344839
2017-12-12,150.08,146.11,145.23,150.08,59636
2017-12-13,146.95,146.5,145.61,147.83,89754
2017-12-14,146.33,146.33,145.89,148.11,92797
2017-12-15,146.68,145.35,144.9,146.68,146535
2017-12-18,146.81,147.7,145.92,148.59,53948
2017-12-19,147.86,147.86,146.53,149.19,70761
2017-12-20,149.0,147.67,147.23,149.0,43854
2017-12-21,149.29,149.29,147.49,150.86,46622
2017-12-22,150.51,151.41,150.06,151.41,61016
2017-12-26,150.36,149.02,149.02,150.81,17643
2017-12-27,148.83,148.83,147.62,149.72,33089
2017-12-28,149.7,149.25,147.91,149.7,35246
2017-12-29,149.03,148.14,147.69,149.7,49630
2018-01-02,149.46,150.81,149.01,151.26,48140
2018-01-03,150.85,151.74,150.4,151.74,47335
2018-01-04,151.42,151.64,150.52,152.99,94491
2018-01-05,154.08,154.08,151.39,155.87,53550
2018-01-08,153.69,154.14,152.34,154.58,40043
2018-01-09,154.92,154.92,154.03,155.82,51997
2018-01-10,154.04,153.6,153.15,154.49,34988
2018-01-11,153.98,156.67,153.98,157.56,65398
2018-01-12,155.91,156.81,154.57,156.81,26192
2018-01-16,157.74,155.05,155.05,157.74,34034
2018-01-17,155.88,157.22,155.43,158.57,49942
2018-01-18,157.89,156.54,156.09,158.34,30525
2018-01-19,156.83,157.28,155.04,157.73,42281
2018-01-22,156.56,156.56,154.33,156.56,32061
2018-01-23,156.11,155.21,154.77,156.56,43033
2018-01-24,155.03,155.48,154.36,156.82,49991
2018-01-25,155.92,155.02,152.33,156.37,23497
2018-01-26,156.3,157.2,154.73,157.2,16374
2018-01-29,156.66,155.76,155.54,157.56,16744
2018-01-30,154.99,154.99,154.1,156.56,30977
2018-01-31,154.31,156.55,152.51,156.55,46804
2018-02-01,154.58,153.24,151.9,155.02,73181
2018-02-02,152.43,149.31,148.42,152.43,36428
2018-02-05,149.56,143.76,143.76,150.9,43833
2018-02-06,141.32,147.59,138.64,147.81,87702
2018-02-07,145.87,145.42,144.08,147.65,59291
2018-02-08,143.98,141.31,140.86,145.77,69450
2018-02-09,142.65,142.65,139.09,147.11,135403
2018-02-12,143.15,143.59,142.26,146.7,166375
2018-02-13,143.72,147.28,143.28,147.95,78127
2018-02-14,146.49,148.27,145.6,148.71,41015
2018-02-15,148.3,147.41,146.52,149.63,48619
2018-02-16,146.14,145.26,144.82,147.46,75094
2018-02-20,145.18,142.09,141.65,145.18,54255
2018-02-21,142.97,142.97,142.97,145.62,62295
2018-02-22,143.48,145.24,143.48,146.56,58974
2018-02-23,146.7,148.02,145.15,148.47,21246
2018-02-26,148.64,149.52,148.2,150.19,30490
2018-02-27,149.36,148.03,147.37,150.25,27517
2018-02-28,148.15,145.05,145.05,148.15,38178
2018-03-01,143.7,141.94,141.28,145.03,51891
2018-03-02,141.22,142.99,140.78,142.99,61136
2018-03-05,142.28,144.93,141.84,145.37,32776
2018-03-06,144.67,146.44,144.01,146.88,32892
2018-03-07,145.16,145.16,143.84,146.04,26915
2018-03-08,145.35,143.6,143.16,145.79,53127
2018-03-09,144.77,146.95,143.89,146.95,48124
2018-03-12,147.31,147.31,146.22,148.62,41582
2018-03-13,147.96,145.77,144.89,148.4,19653
2018-03-14,146.25,145.37,144.5,146.68,38645
2018-03-15,146.64,146.64,145.77,147.08,32954
2018-03-16,147.47,148.78,147.03,149.0,82099
2018-03-19,148.0,146.25,145.82,149.31,129108
2018-03-20,146.38,146.38,145.28,146.81,38606
2018-03-21,146.75,147.62,146.31,148.06,121107
2018-03-22,147.45,146.14,145.7,148.33,146866
2018-03-23,146.57,140.43,139.99,147.01,194186
2018-03-26,142.26,141.82,138.3,142.7,115634
2018-03-27,142.45,141.12,140.68,143.78,40307
2018-03-28,141.48,140.15,139.71,142.15,41552
2018-03-29,140.79,143.47,140.79,144.8,57414
2018-04-02,143.2,139.2,137.86,143.2,54786
2018-04-03,140.09,142.76,138.75,142.76,59739
2018-04-04,140.15,141.93,138.82,142.37,36983
2018-04-05,141.04,141.48,140.16,142.81,41220
2018-04-06,140.18,138.87,137.11,140.62,35329
2018-04-09,139.08,139.08,137.76,141.71,35185
2018-04-10,140.84,142.6,140.4,144.14,46285
2018-04-11,141.31,140.87,140.21,142.19,35668
2018-04-12,141.73,142.17,140.4,142.83,20327
2018-04-13,142.02,140.26,140.26,142.46,22985
2018-04-16,142.56,143.45,141.23,143.89,23439
2018-04-17,143.93,143.93,142.6,144.82,28213
2018-04-18,145.02,144.13,143.69,145.46,22563
2018-04-19,144.35,145.68,144.35,145.9,20794
2018-04-20,145.41,144.96,144.08,145.41,31324
2018-04-23,143.38,143.82,142.94,144.7,44914
2018-04-24,144.91,142.27,141.39,145.35,43454
2018-04-25,142.05,142.05,140.51,142.93,40121
2018-04-26,141.72,142.16,141.5,143.03,21612
2018-04-27,142.37,142.81,141.27,142.81,15543
2018-04-30,143.78,142.9,142.02,144.44,43512
2018-05-01,142.44,142.44,140.68,142.44,46463
2018-05-02,142.86,140.21,140.21,143.53,34276
2018-05-03,141.91,144.13,140.57,144.58,82733
2018-05-04,143.49,145.27,143.05,145.71,31476
2018-05-07,144.9,147.12,144.9,147.56,40715
2018-05-08,147.47,147.02,146.14,148.35,36833
2018-05-09,149.56,148.67,147.33,149.56,103717
2018-05-10,149.77,149.1,148.21,150.22,122426
2018-05-11,149.8,138.62,137.28,149.8,100258
2018-05-14,140.73,145.19,140.73,146.09,170397
2018-05-15,146.2,146.2,143.5,146.87,64497
2018-05-16,146.26,146.71,145.58,148.07,67184
2018-05-17,146.74,146.29,145.38,147.64,105542
2018-05-18,145.75,145.3,144.4,146.2,134460
2018-05-21,145.63,146.54,145.63,147.21,68969
2018-05-22,146.87,145.51,145.05,147.77,143921
2018-05-23,146.45,145.54,144.18,146.45,56734
2018-05-24,145.89,144.98,143.62,145.89,72784
2018-05-25,144.74,145.65,144.74,146.1,15853
2018-05-29,145.25,141.16,140.71,146.16,64938
2018-05-30,143.35,144.49,142.67,145.17,33579
2018-05-31,144.47,140.82,140.37,144.93,45396
2018-06-01,141.6,142.51,141.6,143.88,35232
2018-06-04,143.88,142.97,142.51,144.11,26033
2018-06-05,142.53,146.17,142.53,146.17,23973
2018-06-06,145.43,146.33,144.97,147.24,32243
2018-06-07,146.54,146.54,145.63,147.45,19279
2018-06-08,146.95,147.41,146.49,148.77,48023
2018-06-11,146.15,147.97,146.15,149.12,27452
2018-06-12,147.89,149.26,147.89,149.71,24292
2018-06-13,148.32,146.06,145.6,151.27,90808
2018-06-14,147.57,147.12,145.75,148.03,77695
2018-06-15,146.68,148.97,146.22,150.8,211872
2018-06-18,147.25,149.08,146.79,149.08,38687
2018-06-19,147.59,147.59,147.13,148.51,64220
2018-06-20,148.69,148.69,148.23,150.07,91471
2018-06-21,147.63,146.71,145.79,148.55,82837
2018-06-22,148.51,147.59,147.13,148.51,46694
2018-06-25,147.15,144.85,144.39,148.07,33289
2018-06-26,145.07,144.61,143.69,145.99,40678
2018-06-27,144.06,144.06,143.6,146.34,37768
2018-06-28,144.76,144.76,143.39,145.22,22247
2018-06-29,145.17,146.09,145.17,147.02,37617
2018-07-02,145.47,143.15,142.69,146.4,51937
2018-07-03,144.63,144.17,144.17,145.56,24850
2018-07-05,144.16,143.7,142.31,144.63,48787
2018-07-06,142.47,143.86,142.47,144.78,19680
2018-07-09,145.59,145.13,144.2,145.82,22370
2018-07-10,145.39,148.63,145.39,149.09,23367
2018-07-11,146.7,145.77,145.31,149.0,25861
2018-07-12,146.09,144.71,143.79,146.09,17048
2018-07-13,144.29,144.75,144.29,145.21,12458
2018-07-16,144.95,144.03,143.57,145.41,17050
2018-07-17,143.67,143.21,142.52,143.9,37595
2018-07-18,141.97,143.81,141.97,145.65,65565
2018-07-19,143.17,143.63,142.71,145.7,46043
2018-07-20,144.03,143.57,143.1,145.42,22041
2018-07-23,143.59,143.12,142.2,145.2,41676
2018-07-24,143.22,140.46,140.0,143.22,16088
2018-07-25,139.95,141.33,139.49,141.33,27214
2018-07-26,141.87,140.49,140.49,142.57,22477
2018-07-27,141.1,139.26,138.33,141.79,22893
2018-07-30,139.69,139.69,138.31,140.61,21026
2018-07-31,139.82,141.21,139.36,141.67,19029
2018-08-01,140.34,140.8,139.42,141.27,32496
2018-08-02,139.07,139.99,139.07,140.45,16567
2018-08-03,139.22,140.59,138.76,140.59,13534
2018-08-06,140.19,141.11,139.96,142.03,23831
2018-08-07,141.33,140.87,140.18,142.26,18774
2018-08-08,140.86,140.4,139.25,141.32,27597
2018-08-09,141.79,142.25,140.87,144.33,40055
2018-08-10,140.33,124.18,121.87,140.33,101271
2018-08-13,125.23,128.45,125.23,129.37,165179
2018-08-14,129.99,129.99,127.69,131.37,173010
2018-08-15,129.99,129.53,128.16,130.45,177820
2018-08-16,131.02,131.02,129.65,131.94,95271
2018-08-17,131.48,132.39,129.19,132.39,141371
2018-08-20,128.32,128.32,125.58,129.24,84115
2018-08-21,128.81,127.9,126.53,128.81,195605
2018-08-22,128.12,129.03,127.21,129.03,50984
2018-08-23,127.81,125.54,124.64,128.26,65471
2018-08-24,125.95,125.05,124.14,126.85,104749
2018-08-27,124.84,123.94,122.14,125.73,105477
2018-08-28,124.11,123.66,122.76,124.56,56184
2018-08-29,123.32,123.76,122.87,125.1,61657
2018-08-30,123.28,122.38,121.94,124.62,71608
2018-08-31,121.88,121.88,120.54,123.22,50648
2018-09-04,122.45,120.21,119.76,123.35,46289
2018-09-05,120.84,120.39,119.04,121.29,69984
2018-09-06,119.11,117.32,116.43,120.89,104207
2018-09-07,115.53,116.82,115.49,118.16,39999
2018-09-10,117.65,116.76,115.86,118.33,71376
2018-09-11,116.68,116.68,114.88,117.58,61224
2018-09-12,117.39,116.04,115.14,118.06,58553
2018-09-13,116.44,117.79,116.44,118.24,41367
2018-09-14,117.86,116.5,115.59,118.08,68135
2018-09-17,119.09,115.9,115.45,119.09,31422
2018-09-18,116.64,117.09,115.28,118.0,45013
2018-09-19,116.24,117.15,116.24,118.73,54437
2018-09-20,117.95,118.86,116.59,118.86,43482
2018-09-21,118.76,119.67,117.4,120.12,175339
2018-09-24,117.86,119.66,117.86,120.11,53149
2018-09-25,120.16,120.61,119.71,121.29,53515
2018-09-26,120.75,120.75,118.94,121.2,60287
2018-09-27,120.45,120.45,119.55,122.49,86817
2018-09-28,120.55,122.81,119.65,123.59,53499
2018-10-01,122.68,121.69,120.61,123.58,99984
2018-10-02,122.34,121.25,121.16,122.61,114746
2018-10-03,121.96,124.49,121.23,125.22,131281
2018-10-04,123.94,123.67,122.49,124.3,126521
2018-10-05,124.14,123.06,122.7,124.6,100950
2018-10-08,123.96,123.78,122.23,123.96,47897
2018-10-09,126.0,124.46,123.19,126.0,92789
2018-10-10,124.24,119.78,119.68,124.96,87774
2018-10-11,119.22,118.31,117.77,119.9,77771
2018-10-12,118.64,119.18,117.92,119.55,73311
2018-10-15,118.66,120.1,116.67,121.37,50245
2018-10-16,121.37,121.73,120.29,122.01,45690
2018-10-17,121.33,122.42,120.78,123.23,55766
2018-10-18,123.19,122.28,121.73,123.92,69311
2018-10-19,123.4,122.76,122.48,125.42,158315
2018-10-22,123.12,123.21,122.48,123.76,70613
2018-10-23,120.9,121.54,120.07,122.92,145650
2018-10-24,120.95,119.48,119.25,122.88,75977
2018-10-25,119.64,119.92,119.09,121.53,86733
2018-10-26,119.06,118.32,117.4,119.98,108265
2018-10-29,119.67,117.0,115.94,121.15,53177
2018-10-30,117.97,120.28,117.42,120.37,54334
2018-10-31,120.34,123.02,120.34,124.68,57442
2018-11-01,123.26,122.89,121.69,123.81,88067
2018-11-02,122.9,123.17,121.56,123.82,48844
2018-11-05,123.32,123.32,122.3,124.52,104014
2018-11-06,123.5,124.15,122.58,124.61,41223
2018-11-07,124.61,125.53,123.92,126.09,57561
2018-11-08,130.63,132.2,126.29,132.48,85356
2018-11-09,131.56,132.76,131.56,134.05,98888
2018-11-12,132.97,128.26,128.17,133.43,64588
2018-11-13,128.62,128.25,127.75,130.01,60696
2018-11-14,128.54,128.91,127.35,129.28,42263
2018-11-15,127.26,126.35,124.98,127.26,62727
2018-11-16,125.78,126.6,125.78,127.88,40820
2018-11-19,127.31,125.29,124.74,127.31,56493
2018-11-20,124.56,119.48,119.21,125.67,51344
2018-11-21,120.03,120.31,119.66,122.16,62983
2018-11-23,119.78,120.15,119.22,121.36,19903
2018-11-26,121.18,124.23,120.99,124.42,55317
2018-11-27,124.09,122.88,122.05,125.48,56200
2018-11-28,122.04,124.81,121.4,124.81,56196
2018-11-29,123.78,124.7,123.78,125.89,30499
2018-11-30,124.33,122.78,122.5,125.16,49183
2018-12-03,123.07,124.9,123.07,125.9,36629
2018-12-04,124.78,121.31,121.03,125.88,47271
2018-12-06,120.04,117.48,115.93,120.04,86859
2018-12-07,117.43,115.97,115.33,118.89,35638
2018-12-10,115.89,116.8,113.51,117.26,70590
2018-12-11,119.0,116.34,115.74,120.47,69696
2018-12-12,118.28,119.48,117.92,121.14,40366
2018-12-13,119.86,118.2,117.55,121.61,41792
2018-12-14,116.26,114.51,114.14,116.9,47360
2018-12-17,115.03,113.19,112.45,115.77,66027
2018-12-18,114.15,112.49,111.56,116.1,48039
2018-12-19,112.47,110.81,110.63,114.69,66967
2018-12-20,111.17,107.1,106.27,111.17,69291
2018-12-21,106.98,104.03,103.98,109.76,177719
2018-12-24,103.62,102.41,102.41,105.33,44924
2018-12-26,102.52,104.92,100.21,104.92,78524
2018-12-27,102.78,104.53,100.67,104.53,92260
2018-12-28,105.16,105.52,104.14,106.81,48581
2018-12-31,105.92,106.47,104.45,106.75,45911
2019-01-02,105.43,107.28,104.6,107.65,37933
2019-01-03,107.3,106.37,105.44,108.13,78849
2019-01-04,108.11,111.37,108.11,111.46,34090
2019-01-07,111.27,113.41,110.43,114.43,100033
2019-01-08,114.33,114.61,113.26,115.44,93532
2019-01-09,115.57,115.86,115.2,117.26,87934
2019-01-10,115.28,115.56,114.44,116.12,41868
2019-01-11,115.19,116.68,114.72,116.92,40187
2019-01-14,116.88,116.51,116.23,118.0,50311
2019-01-15,116.67,116.86,116.49,118.54,100760
2019-01-16,116.74,117.21,116.74,118.33,61178
2019-01-17,116.16,117.09,115.51,118.02,84686
2019-01-18,119.03,118.47,117.53,119.03,72335
2019-01-22,118.94,117.44,116.78,119.13,54231
2019-01-23,117.72,116.31,114.52,117.81,38923
2019-01-24,116.0,118.07,115.35,118.54,46604
2019-01-25,118.92,120.14,118.92,121.92,205940
2019-01-28,119.58,119.58,118.56,120.24,85493
2019-01-29,120.19,120.56,120.19,121.78,106476
2019-01-30,120.39,120.2,118.51,121.32,90501
2019-01-31,119.88,121.19,119.88,121.56,127396
2019-02-01,120.88,120.23,120.04,121.26,74713
2019-02-04,119.58,121.45,119.58,122.29,109585
2019-02-05,121.51,122.82,121.31,122.91,45337
2019-02-06,122.34,122.43,122.15,124.12,55539
2019-02-07,121.83,120.43,118.73,122.12,76142
2019-02-08,120.79,119.09,115.8,123.14,85622
2019-02-11,122.22,116.95,115.72,122.22,67939
2019-02-12,118.19,119.22,117.34,119.98,48048
2019-02-13,119.51,119.51,118.75,120.74,51496
2019-02-14,117.97,119.67,117.97,120.99,41459
2019-02-15,121.01,122.34,119.78,122.53,53079
2019-02-19,122.78,123.35,122.59,124.39,62648
2019-02-20,122.19,124.46,122.19,125.4,39105
2019-02-21,124.17,123.98,123.6,125.22,48849
2019-02-22,123.6,125.6,123.6,126.17,36023
2019-02-25,126.83,126.16,126.07,127.83,46455
2019-02-26,126.19,126.38,125.52,126.66,40507
2019-02-27,126.79,126.98,125.65,127.55,32705
2019-02-28,127.47,127.28,126.61,127.57,53669
2019-03-01,128.26,129.69,127.78,129.98,40668
2019-03-04,129.3,129.01,127.59,130.25,35413
2019-03-05,128.82,127.77,127.49,129.49,91012
2019-03-06,128.12,127.93,127.35,128.89,63224
2019-03-07,127.63,125.71,125.14,127.82,25228
2019-03-08,124.86,125.05,123.76,125.05,26139
2019-03-11,125.38,127.59,125.38,127.73,30527
2019-03-12,127.3,125.48,125.19,128.07,65162
2019-03-13,126.91,125.27,124.88,126.91,41964
2019-03-14,124.77,123.14,123.14,125.06,105301
2019-03-15,122.83,122.07,121.59,123.41,235294
2019-03-18,121.86,121.67,121.48,123.39,133635
2019-03-19,122.29,121.05,120.57,122.87,148814
2019-03-20,120.81,120.9,119.46,121.96,185196
2019-03-21,120.65,123.53,120.65,125.21,232969
2019-03-22,123.32,121.68,121.01,124.18,170837
2019-03-25,121.37,120.79,120.31,122.23,157815
2019-03-26,121.48,120.14,119.46,121.87,62137
2019-03-27,121.04,119.59,118.68,121.04,50819
2019-03-28,119.47,119.95,118.22,120.05,30415
2019-03-29,120.82,120.63,119.95,121.02,39349
2019-04-01,120.89,120.99,120.41,121.51,55963
2019-04-02,121.73,120.19,120.19,122.02,89740
2019-04-03,120.94,120.75,120.46,122.67,59813
2019-04-04,120.79,120.98,120.79,122.14,111294
2019-04-05,121.06,121.54,120.77,122.22,35660
2019-04-08,121.52,121.23,120.75,121.85,34892
2019-04-09,120.18,120.65,120.03,120.94,28977
2019-04-10,120.94,121.89,120.65,121.93,23805
2019-04-11,121.38,120.33,120.24,121.48,35614
2019-04-12,120.37,121.04,120.37,121.42,39795
2019-04-15,121.27,120.7,120.13,122.23,95110
2019-04-16,121.34,121.91,120.86,122.77,72388
2019-04-17,122.09,121.71,121.42,123.86,48725
2019-04-18,121.36,120.41,118.69,121.36,31540
2019-04-22,120.58,119.82,118.38,120.77,29030
2019-04-23,119.69,120.26,119.69,121.12,44256
2019-04-24,119.48,119.66,119.14,119.85,41783
2019-04-25,119.83,118.5,117.26,119.83,30292
2019-04-26,117.91,118.76,117.2,118.76,48005
2019-04-29,117.99,117.89,117.61,119.49,108167
2019-04-30,118.84,117.43,116.11,118.84,70785
2019-05-01,117.45,116.7,116.42,118.3,111999
2019-05-02,116.52,115.77,114.64,116.52,63695
2019-05-03,116.04,116.41,116.04,116.97,130340
2019-05-06,115.39,114.54,113.51,116.14,41695
2019-05-07,113.86,110.75,109.81,113.96,91793
2019-05-08,110.77,110.01,109.82,112.0,73921
2019-05-09,109.67,110.52,107.87,110.62,88132
2019-05-10,111.4,113.28,111.02,115.64,78432
2019-05-13,111.52,109.63,108.68,112.47,145385
2019-05-14,110.08,110.36,109.89,111.74,125184
2019-05-15,109.91,111.52,108.86,111.86,50276
2019-05-16,111.72,110.96,110.77,112.86,25232
2019-05-17,110.36,109.88,109.41,111.03,60856
2019-05-20,113.04,111.91,111.62,113.99,181182
2019-05-21,113.17,114.03,112.98,114.22,56362
2019-05-22,113.09,113.47,113.09,114.04,96181
2019-05-23,112.93,113.88,112.07,114.21,64950
2019-05-24,114.32,114.22,113.46,115.17,73204
2019-05-28,114.07,113.31,113.31,114.73,63625
2019-05-29,113.32,111.9,111.15,113.5,70727
2019-05-30,112.13,111.09,110.52,112.88,82803
2019-05-31,110.47,110.28,110.09,111.27,81360
2019-06-03,109.17,110.02,109.17,110.63,90192
2019-06-04,111.83,111.83,110.79,112.39,72947
2019-06-05,111.77,112.62,109.61,112.81,144265
2019-06-06,112.9,112.61,112.1,113.28,88899
2019-06-07,114.19,114.09,112.58,114.66,76252
2019-06-10,115.0,115.0,114.24,115.29,64594
2019-06-11,115.72,115.06,114.68,115.77,63003
2019-06-12,115.67,114.91,114.72,116.12,63869
2019-06-13,115.49,116.25,115.06,116.35,54557
2019-06-14,115.8,116.66,115.13,116.9,134660
2019-06-17,117.22,120.66,117.03,120.95,98187
2019-06-18,122.23,126.64,121.6,127.84,127677
2019-06-19,127.16,131.67,127.16,132.15,138527
2019-06-20,132.92,133.78,131.58,134.07,110180
2019-06-21,133.79,133.79,132.06,135.23,174781
2019-06-24,133.42,131.89,131.6,133.52,74216
2019-06-25,131.97,130.82,130.53,131.97,53953
2019-06-26,130.51,130.8,130.32,131.75,67395
2019-06-27,132.17,132.27,131.69,132.84,57630
2019-06-28,132.8,133.76,132.04,134.14,154898
2019-07-01,136.13,134.4,132.91,136.61,91717
2019-07-02,133.92,133.35,132.49,134.98,37466
2019-07-03,133.55,133.08,132.41,133.65,27840
2019-07-05,133.34,133.73,132.48,134.5,56286
2019-07-08,132.77,131.62,131.33,133.92,31882
2019-07-09,130.87,131.06,130.39,131.73,40801
2019-07-10,131.21,130.74,130.45,131.79,57715
2019-07-11,131.03,130.36,129.97,131.41,42854
2019-07-12,130.67,131.05,129.81,131.24,71728
2019-07-15,130.41,130.51,129.37,130.6,45664
2019-07-16,131.37,132.32,131.28,132.61,76553
2019-07-17,131.39,128.17,127.51,132.43,71917
2019-07-18,128.44,129.48,127.96,129.72,75204
2019-07-19,128.25,127.96,126.64,129.0,38538
2019-07-22,127.94,128.89,127.66,129.08,52653
2019-07-23,130.44,130.35,129.39,131.02,75435
2019-07-24,129.66,131.66,128.99,132.13,89573
2019-07-25,130.84,129.14,128.57,130.84,32422
2019-07-26,129.92,130.3,129.45,130.59,42244
2019-07-29,129.46,129.36,128.23,130.6,36461
2019-07-30,128.82,129.86,128.44,129.96,36730
2019-07-31,129.1,127.39,126.78,133.17,67430
2019-08-01,127.01,126.25,125.92,128.53,73408
2019-08-02,125.58,125.96,124.54,126.15,70960
2019-08-05,123.73,123.64,122.88,125.34,113488
2019-08-06,124.79,125.17,123.84,125.45,51107
2019-08-07,124.3,124.87,122.02,125.06,76919
2019-08-08,124.35,126.72,124.35,126.81,106313
2019-08-09,128.72,133.96,126.82,134.44,89475
2019-08-12,134.37,136.75,134.13,138.45,114076
2019-08-13,136.42,136.99,136.23,139.55,92781
2019-08-14,134.58,129.77,129.67,136.18,85037
2019-08-15,128.74,131.18,128.74,133.62,82667
2019-08-16,131.13,131.88,128.99,132.62,50227
2019-08-19,134.01,134.19,133.82,135.6,33176
2019-08-20,133.96,133.49,133.35,135.55,43312
2019-08-21,134.53,135.56,133.59,135.98,29122
2019-08-22,135.58,135.67,134.78,136.89,43816
2019-08-23,134.34,130.23,129.86,134.9,81054
2019-08-26,130.29,130.66,129.64,131.13,44121
2019-08-27,131.85,129.62,129.06,131.85,52832
2019-08-28,130.2,131.88,129.36,131.97,45484
2019-08-29,133.32,132.75,132.61,133.69,23134
2019-08-30,133.6,132.57,131.82,134.17,33618
2019-09-03,131.99,131.24,130.77,132.56,40462
2019-09-04,132.36,134.15,132.36,134.62,41377
2019-09-05,136.5,136.41,136.22,137.83,34768
2019-09-06,136.56,137.99,136.56,138.37,36476
2019-09-09,138.43,140.24,137.1,140.33,45191
2019-09-10,138.45,140.92,138.26,141.02,43745
2019-09-11,141.11,141.68,140.44,142.77,36475
2019-09-12,141.8,141.32,141.13,143.13,65509
2019-09-13,142.16,142.55,141.59,143.22,37077
2019-09-16,141.63,138.0,136.86,141.63,50212
2019-09-17,137.3,138.92,136.26,139.2,46463
2019-09-18,139.91,139.14,138.19,140.19,55599
2019-09-19,139.3,136.92,136.73,139.68,48606
2019-09-20,137.47,136.71,135.47,139.09,106891
2019-09-23,137.61,137.8,135.89,138.66,44368
2019-09-24,138.02,136.68,134.57,138.11,53905
2019-09-25,136.31,137.85,136.03,138.71,35131
2019-09-26,137.94,136.69,134.38,137.94,65941
2019-09-27,137.74,136.4,135.63,138.03,22850
2019-09-30,137.64,138.36,137.54,139.67,57450
2019-10-01,139.25,138.28,137.89,140.41,65808
2019-10-02,137.54,137.05,135.79,138.22,98568
2019-10-03,137.35,135.84,134.04,137.93,58549
2019-10-04,136.3,137.52,136.11,137.86,37182
2019-10-07,136.58,135.99,135.99,137.75,61173
2019-10-08,134.39,128.04,127.99,134.88,69752
2019-10-09,128.58,129.74,127.46,130.04,75059
2019-10-10,128.56,130.2,128.56,130.78,58024
2019-10-11,132.1,133.36,130.5,134.13,44560
2019-10-14,132.17,133.52,132.17,133.62,32627
2019-10-15,134.47,132.34,127.19,134.47,63888
2019-10-16,131.53,133.94,131.53,134.23,58631
2019-10-17,134.92,134.63,133.28,136.09,68103
2019-10-18,133.84,133.35,132.58,135.29,97739
2019-10-21,133.6,134.75,133.12,135.14,51249
2019-10-22,135.33,136.88,135.19,138.13,113039
2019-10-23,136.53,137.16,135.47,137.49,57393
2019-10-24,138.29,136.99,135.69,140.31,76068
2019-10-25,137.84,137.16,136.29,137.84,39902
2019-10-28,136.79,137.75,136.79,138.62,42337
2019-10-29,137.31,138.18,137.12,139.06,39675
2019-10-30,137.86,135.07,134.2,138.05,41173
2019-10-31,134.87,135.54,132.66,135.64,49278
2019-11-01,135.84,136.32,134.59,136.9,55710
2019-11-04,136.72,136.63,135.76,137.78,42274
2019-11-05,136.96,136.19,135.81,137.34,41512
2019-11-06,136.38,134.55,133.2,136.38,40804
2019-11-07,134.63,132.43,131.66,136.65,74839
2019-11-08,127.5,126.73,124.24,133.25,115364
2019-11-11,125.8,127.61,125.22,128.28,98951
2019-11-12,126.61,126.52,125.0,127.18,78501
2019-11-13,126.01,126.29,125.25,127.72,78550
2019-11-14,125.61,125.13,123.33,126.18,96698
2019-11-15,125.77,126.15,124.54,126.2,79828
2019-11-18,126.12,125.55,125.36,126.87,59404
2019-11-19,125.66,125.57,124.72,125.85,45283
2019-11-20,125.59,124.83,123.98,125.59,67494
2019-11-21,125.03,122.84,122.56,125.22,65001
2019-11-22,122.99,123.56,122.71,123.9,64591
2019-11-25,124.44,125.77,123.96,125.77,67901
2019-11-26,126.09,127.14,125.42,127.86,46659
2019-11-27,128.74,128.07,127.78,129.69,53583
2019-11-29,127.58,126.24,125.09,128.44,54760
2019-12-02,125.17,126.03,124.31,126.89,74996
2019-12-03,125.85,124.03,123.16,125.85,54878
2019-12-04,124.61,125.96,124.42,126.54,60424
2019-12-05,125.99,127.82,125.85,128.11,58421
2019-12-06,127.88,129.32,127.45,129.9,59943
2019-12-09,129.16,129.54,128.87,130.88,55567
2019-12-10,129.57,129.28,128.71,130.44,51833
2019-12-11,129.86,130.2,128.9,131.11,53308
2019-12-12,130.9,135.14,130.9,135.34,64325
2019-12-13,135.53,134.09,133.32,135.58,79049
2019-12-16,135.01,135.88,135.01,137.52,71486
2019-12-17,137.32,137.22,135.72,137.8,44374
2019-12-18,138.72,140.18,137.74,140.96,66456
2019-12-19,140.32,139.92,139.04,140.9,59066
2019-12-20,142.95,140.01,138.35,142.95,181200
2019-12-23,139.96,140.45,139.81,140.89,39388
2019-12-24,140.02,140.12,139.92,140.61,10736
2019-12-26,140.73,142.4,140.54,142.5,75116
2019-12-27,142.53,141.26,141.16,142.53,34909
2019-12-30,140.68,141.07,140.58,141.46,38293
2019-12-31,140.93,141.22,139.47,141.22,33292
