date,value
2015-03-31,59661.0
2015-04-01,48473.0
2015-04-02,60676.0
2015-04-06,49170.0
2015-04-07,48474.0
2015-04-08,52038.0
2015-04-09,50448.0
2015-04-10,54647.0
2015-04-13,67501.0
2015-04-14,52940.0
2015-04-15,60095.0
2015-04-16,57141.0
2015-04-17,64203.0
2015-04-20,57442.0
2015-04-21,64736.0
2015-04-22,62928.0
2015-04-23,49006.0
2015-04-24,55534.0
2015-04-27,63396.0
2015-04-28,57546.0
2015-04-29,53914.0
2015-04-30,58949.0
2015-05-01,50580.0
2015-05-04,52192.0
2015-05-05,59122.0
2015-05-06,62014.0
2015-05-07,65623.0
2015-05-08,58322.0
2015-05-11,60436.0
2015-05-12,54009.0
2015-05-13,57175.0
2015-05-14,50762.0
2015-05-15,53574.0
2015-05-18,58821.0
2015-05-19,63312.0
2015-05-20,58231.0
2015-05-21,58512.0
2015-05-22,54234.0
2015-05-26,61183.0
2015-05-27,63908.0
2015-05-28,56822.0
2015-05-29,62797.0
2015-06-01,58982.0
2015-06-02,66406.0
2015-06-03,69092.0
2015-06-04,50457.0
2015-06-05,65475.0
2015-06-08,65069.0
2015-06-09,70928.0
2015-06-10,53120.0
2015-06-11,55277.0
2015-06-12,53166.0
2015-06-15,65775.0
2015-06-16,62721.0
2015-06-17,63902.0
2015-06-18,66443.0
2015-06-19,67509.0
2015-06-22,66364.0
2015-06-23,55713.0
2015-06-24,59329.0
2015-06-25,71302.0
2015-06-26,71782.0
2015-06-29,63425.0
2015-06-30,60375.0
2015-07-01,58579.0
2015-07-02,71024.0
2015-07-06,50806.0
2015-07-07,64269.0
2015-07-08,58287.0
2015-07-09,58161.0
2015-07-10,62209.0
2015-07-13,63575.0
2015-07-14,63358.0
2015-07-15,64993.0
2015-07-16,61665.0
2015-07-17,60967.0
2015-07-20,70798.0
2015-07-21,58084.0
2015-07-22,60971.0
2015-07-23,58122.0
2015-07-24,64223.0
2015-07-27,54323.0
2015-07-28,62654.0
2015-07-29,58529.0
2015-07-30,49819.0
2015-07-31,63574.0
2015-08-03,65826.0
2015-08-04,63978.0
2015-08-05,48798.0
2015-08-06,66370.0
2015-08-07,65448.0
2015-08-10,69118.0
2015-08-11,54253.0
2015-08-12,54887.0
2015-08-13,50257.0
2015-08-14,64329.0
2015-08-17,67105.0
2015-08-18,55806.0
2015-08-19,65654.0
2015-08-20,68133.0
2015-08-21,67820.0
2015-08-24,62476.0
2015-08-25,56395.0
2015-08-26,60947.0
2015-08-27,58505.0
2015-08-28,57931.0
2015-08-31,62493.0
2015-09-01,59536.0
2015-09-02,65006.0
2015-09-03,63193.0
2015-09-04,52087.0
2015-09-08,61259.0
2015-09-09,66726.0
2015-09-10,55285.0
2015-09-11,54912.0
2015-09-14,55620.0
2015-09-15,49435.0
2015-09-16,53383.0
2015-09-17,60331.0
2015-09-18,50995.0
2015-09-21,50179.0
2015-09-22,51288.0
2015-09-23,52239.0
2015-09-24,55024.0
2015-09-25,54621.0
2015-09-28,58320.0
2015-09-29,56498.0
2015-09-30,62137.0
2015-10-01,59720.0
2015-10-02,54572.0
2015-10-05,63054.0
2015-10-06,51036.0
2015-10-07,47228.0
2015-10-08,57499.0
2015-10-09,57714.0
2015-10-12,56179.0
2015-10-13,59704.0
2015-10-14,63971.0
2015-10-15,48548.0
2015-10-16,57646.0
2015-10-19,66175.0
2015-10-20,66981.0
2015-10-21,60405.0
2015-10-22,54670.0
2015-10-23,55547.0
2015-10-26,58619.0
2015-10-27,62936.0
2015-10-28,59637.0
2015-10-29,70698.0
2015-10-30,66793.0
2015-11-02,57551.0
2015-11-03,66171.0
2015-11-04,62553.0
2015-11-05,67273.0
2015-11-06,69219.0
2015-11-09,55048.0
2015-11-10,68256.0
2015-11-11,67973.0
2015-11-12,60031.0
2015-11-13,69664.0
2015-11-16,69516.0
2015-11-17,69865.0
2015-11-18,66867.0
2015-11-19,66249.0
2015-11-20,74901.0
2015-11-23,59010.0
2015-11-24,59430.0
2015-11-25,62932.0
2015-11-27,61159.0
2015-11-30,65228.0
2015-12-01,77067.0
2015-12-02,75051.0
2015-12-03,66138.0
2015-12-04,74566.0
2015-12-07,71239.0
2015-12-08,74474.0
2015-12-09,71010.0
2015-12-10,73157.0
2015-12-11,60883.0
2015-12-14,71512.0
2015-12-15,79949.0
2015-12-16,82685.0
2015-12-17,61466.0
2015-12-18,66118.0
2015-12-21,69131.0
2015-12-22,77070.0
2015-12-23,77918.0
2015-12-24,67707.0
2015-12-28,67518.0
2015-12-29,59633.0
2015-12-30,74726.0
2015-12-31,68062.0
2016-01-04,62753.0
2016-01-05,83692.0
2016-01-06,68873.0
2016-01-07,66662.0
2016-01-08,71092.0
2016-01-11,62559.0
2016-01-12,72624.0
2016-01-13,75595.0
2016-01-14,72681.0
2016-01-15,75757.0
2016-01-19,66423.0
2016-01-20,66915.0
2016-01-21,68175.0
2016-01-22,64822.0
2016-01-25,70044.0
2016-01-26,76741.0
2016-01-27,60960.0
2016-01-28,66641.0
2016-01-29,66753.0
2016-02-01,65091.0
2016-02-02,51678.0
2016-02-03,70860.0
2016-02-04,72765.0
2016-02-05,63722.0
2016-02-08,58546.0
2016-02-09,65782.0
2016-02-10,72939.0
2016-02-11,76031.0
2016-02-12,70523.0
2016-02-16,59916.0
2016-02-17,58938.0
2016-02-18,60840.0
2016-02-19,71414.0
2016-02-22,71424.0
2016-02-23,63802.0
2016-02-24,60499.0
2016-02-25,68444.0
2016-02-26,63523.0
2016-02-29,55897.0
2016-03-01,51001.0
2016-03-02,62789.0
2016-03-03,58260.0
2016-03-04,50551.0
2016-03-07,55847.0
2016-03-08,56267.0
2016-03-09,57742.0
2016-03-10,62886.0
2016-03-11,62423.0
2016-03-14,61421.0
2016-03-15,56006.0
2016-03-16,45864.0
2016-03-17,70975.0
2016-03-18,56510.0
2016-03-21,56124.0
2016-03-22,59982.0
2016-03-23,55296.0
2016-03-24,52656.0
2016-03-28,56965.0
2016-03-29,54989.0
2016-03-30,47097.0
2016-03-31,60089.0
2016-04-01,59872.0
2016-04-04,55513.0
2016-04-05,55160.0
2016-04-06,53144.0
2016-04-07,51016.0
2016-04-08,57872.0
2016-04-11,60067.0
2016-04-12,57243.0
2016-04-13,49385.0
2016-04-14,46277.0
2016-04-15,50154.0
2016-04-18,56147.0
2016-04-19,64239.0
2016-04-20,52357.0
2016-04-21,57079.0
2016-04-22,37910.0
2016-04-25,55092.0
2016-04-26,51254.0
2016-04-27,55059.0
2016-04-28,52917.0
2016-04-29,55423.0
2016-05-02,43394.0
2016-05-03,52838.0
2016-05-04,54860.0
2016-05-05,57372.0
2016-05-06,53430.0
2016-05-09,60294.0
2016-05-10,68331.0
2016-05-11,66542.0
2016-05-12,53063.0
2016-05-13,59378.0
2016-05-16,51599.0
2016-05-17,62226.0
2016-05-18,54871.0
2016-05-19,57221.0
2016-05-20,53009.0
2016-05-23,68039.0
2016-05-24,61075.0
2016-05-25,70132.0
2016-05-26,53604.0
2016-05-27,62146.0
2016-05-31,64435.0
2016-06-01,58248.0
2016-06-02,66533.0
2016-06-03,57774.0
2016-06-06,55222.0
2016-06-07,48924.0
2016-06-08,70395.0
2016-06-09,72166.0
2016-06-10,60159.0
2016-06-13,63316.0
2016-06-14,70545.0
2016-06-15,69697.0
2016-06-16,66622.0
2016-06-17,71993.0
2016-06-20,51839.0
2016-06-21,53984.0
2016-06-22,58334.0
2016-06-23,72953.0
2016-06-24,57791.0
2016-06-27,69568.0
2016-06-28,58141.0
2016-06-29,51059.0
2016-06-30,52830.0
2016-07-01,61742.0
2016-07-05,66749.0
2016-07-06,66933.0
2016-07-07,77142.0
2016-07-08,56341.0
2016-07-11,59021.0
2016-07-12,47250.0
2016-07-13,64803.0
2016-07-14,65361.0
2016-07-15,49959.0
2016-07-18,68950.0
2016-07-19,64377.0
2016-07-20,70561.0
2016-07-21,57534.0
2016-07-22,55487.0
2016-07-25,67340.0
2016-07-26,64439.0
2016-07-27,59034.0
2016-07-28,50114.0
2016-07-29,61358.0
2016-08-01,59363.0
2016-08-02,62790.0
2016-08-03,60221.0
2016-08-04,60755.0
2016-08-05,69303.0
2016-08-08,54166.0
2016-08-09,67658.0
2016-08-10,55632.0
2016-08-11,60500.0
2016-08-12,59599.0
2016-08-15,53532.0
2016-08-16,58561.0
2016-08-17,56929.0
2016-08-18,64861.0
2016-08-19,54640.0
2016-08-22,54615.0
2016-08-23,60784.0
2016-08-24,60651.0
2016-08-25,52539.0
2016-08-26,65755.0
2016-08-29,57681.0
2016-08-30,50605.0
2016-08-31,65360.0
2016-09-01,58452.0
2016-09-02,62064.0
2016-09-06,55515.0
2016-09-07,51857.0
2016-09-08,61958.0
2016-09-09,55755.0
2016-09-12,60029.0
2016-09-13,67401.0
2016-09-14,70493.0
2016-09-15,69486.0
2016-09-16,60932.0
2016-09-19,59836.0
2016-09-20,58882.0
2016-09-21,56888.0
2016-09-22,46850.0
2016-09-23,65753.0
2016-09-26,66460.0
2016-09-27,62460.0
2016-09-28,63719.0
2016-09-29,61475.0
2016-09-30,62480.0
2016-10-03,59447.0
2016-10-04,62919.0
2016-10-05,69666.0
2016-10-06,47527.0
2016-10-07,63896.0
2016-10-10,57925.0
2016-10-11,60121.0
2016-10-12,58574.0
2016-10-13,61240.0
2016-10-14,63593.0
2016-10-17,63572.0
2016-10-18,57101.0
2016-10-19,70359.0
2016-10-20,57416.0
2016-10-21,42413.0
2016-10-24,62840.0
2016-10-25,53966.0
2016-10-26,66491.0
2016-10-27,56147.0
2016-10-28,61213.0
2016-10-31,63224.0
2016-11-01,77704.0
2016-11-02,62864.0
2016-11-03,59249.0
2016-11-04,67813.0
2016-11-07,58525.0
2016-11-08,65260.0
2016-11-09,53258.0
2016-11-10,64270.0
2016-11-11,64842.0
2016-11-14,65387.0
2016-11-15,66503.0
2016-11-16,64915.0
2016-11-17,74916.0
2016-11-18,65431.0
2016-11-21,66967.0
2016-11-22,81234.0
2016-11-23,67332.0
2016-11-25,52611.0
2016-11-28,73486.0
2016-11-29,63107.0
2016-11-30,84163.0
2016-12-01,73861.0
2016-12-02,60034.0
2016-12-05,63598.0
2016-12-06,65574.0
2016-12-07,75345.0
2016-12-08,73293.0
2016-12-09,63247.0
2016-12-12,69719.0
2016-12-13,72433.0
2016-12-14,65604.0
2016-12-15,80231.0
2016-12-16,77405.0
2016-12-19,71569.0
2016-12-20,84026.0
2016-12-21,69345.0
2016-12-22,65890.0
2016-12-23,79854.0
2016-12-27,81881.0
2016-12-28,84802.0
2016-12-29,74547.0
2016-12-30,67537.0
2017-01-03,81830.0
2017-01-04,91877.0
2017-01-05,60548.0
2017-01-06,76721.0
2017-01-09,61167.0
2017-01-10,66917.0
2017-01-11,74644.0
2017-01-12,70739.0
2017-01-13,75350.0
2017-01-17,71870.0
2017-01-18,67457.0
2017-01-19,64639.0
2017-01-20,66666.0
2017-01-23,64049.0
2017-01-24,75990.0
2017-01-25,70531.0
2017-01-26,72285.0
2017-01-27,75733.0
2017-01-30,77613.0
2017-01-31,74507.0
2017-02-01,62452.0
2017-02-02,67094.0
2017-02-03,77413.0
2017-02-06,60050.0
2017-02-07,52644.0
2017-02-08,74660.0
2017-02-09,70911.0
2017-02-10,63287.0
2017-02-13,66461.0
2017-02-14,62597.0
2017-02-15,64297.0
2017-02-16,72680.0
2017-02-17,70614.0
2017-02-21,57617.0
2017-02-22,70915.0
2017-02-23,60530.0
2017-02-24,64136.0
2017-02-27,65234.0
2017-02-28,59398.0
2017-03-01,61933.0
2017-03-02,67275.0
2017-03-03,67300.0
2017-03-06,57406.0
2017-03-07,59648.0
2017-03-08,67680.0
2017-03-09,59387.0
2017-03-10,55191.0
2017-03-13,59110.0
2017-03-14,60344.0
2017-03-15,61414.0
2017-03-16,60818.0
2017-03-17,58957.0
2017-03-20,56982.0
2017-03-21,53227.0
2017-03-22,52947.0
2017-03-23,44079.0
2017-03-24,58308.0
2017-03-27,60169.0
2017-03-28,44829.0
2017-03-29,58428.0
2017-03-30,60496.0
2017-03-31,61330.0
2017-04-03,65681.0
2017-04-04,49725.0
2017-04-05,54912.0
2017-04-06,53678.0
2017-04-07,62681.0
2017-04-10,57822.0
2017-04-11,56629.0
2017-04-12,60061.0
2017-04-13,60671.0
2017-04-17,47917.0
2017-04-18,51956.0
2017-04-19,51257.0
2017-04-20,53575.0
2017-04-21,56757.0
2017-04-24,62906.0
2017-04-25,55486.0
2017-04-26,64126.0
2017-04-27,59099.0
2017-04-28,40217.0
2017-05-01,62730.0
2017-05-02,60222.0
2017-05-03,57556.0
2017-05-04,53071.0
2017-05-05,63550.0
2017-05-08,62405.0
2017-05-09,54395.0
2017-05-10,56344.0
2017-05-11,57842.0
2017-05-12,50959.0
2017-05-15,71215.0
2017-05-16,67371.0
2017-05-17,55838.0
2017-05-18,62550.0
2017-05-19,57819.0
2017-05-22,63865.0
2017-05-23,55621.0
2017-05-24,64338.0
2017-05-25,55796.0
2017-05-26,60236.0
2017-05-30,58282.0
2017-05-31,59090.0
2017-06-01,64265.0
2017-06-02,56233.0
2017-06-05,61842.0
2017-06-06,69695.0
2017-06-07,70749.0
2017-06-08,68224.0
2017-06-09,60002.0
2017-06-12,57815.0
2017-06-13,58752.0
2017-06-14,63707.0
2017-06-15,62918.0
2017-06-16,62593.0
2017-06-19,62234.0
2017-06-20,69368.0
2017-06-21,67482.0
2017-06-22,48111.0
2017-06-23,70519.0
2017-06-26,63117.0
2017-06-27,77782.0
2017-06-28,63221.0
2017-06-29,71114.0
2017-06-30,62284.0
2017-07-03,65392.0
2017-07-05,66504.0
2017-07-06,65337.0
2017-07-07,61319.0
2017-07-10,61017.0
2017-07-11,72577.0
2017-07-12,66149.0
2017-07-13,65345.0
2017-07-14,69353.0
2017-07-17,65332.0
2017-07-18,56224.0
2017-07-19,59738.0
2017-07-20,64369.0
2017-07-21,52014.0
2017-07-24,52146.0
2017-07-25,49407.0
2017-07-26,73612.0
2017-07-27,64385.0
2017-07-28,65089.0
2017-07-31,59479.0
2017-08-01,62492.0
2017-08-02,51809.0
2017-08-03,67060.0
2017-08-04,47803.0
2017-08-07,58730.0
2017-08-08,63314.0
2017-08-09,72020.0
2017-08-10,59938.0
2017-08-11,66545.0
2017-08-14,52762.0
2017-08-15,57708.0
2017-08-16,60342.0
2017-08-17,54567.0
2017-08-18,63830.0
2017-08-21,63053.0
2017-08-22,70671.0
2017-08-23,65463.0
2017-08-24,48206.0
2017-08-25,70577.0
2017-08-28,61396.0
2017-08-29,59647.0
2017-08-30,63161.0
2017-08-31,63308.0
2017-09-01,62472.0
2017-09-05,66774.0
2017-09-06,61271.0
2017-09-07,71961.0
2017-09-08,53737.0
2017-09-11,69168.0
2017-09-12,59717.0
2017-09-13,54510.0
2017-09-14,61740.0
2017-09-15,59227.0
2017-09-18,66723.0
2017-09-19,68902.0
2017-09-20,57657.0
2017-09-21,59949.0
2017-09-22,63441.0
2017-09-25,63385.0
2017-09-26,53290.0
2017-09-27,61578.0
2017-09-28,73938.0
2017-09-29,58225.0
2017-10-02,62981.0
2017-10-03,65859.0
2017-10-04,65662.0
2017-10-05,63816.0
2017-10-06,64110.0
2017-10-09,67285.0
2017-10-10,67736.0
2017-10-11,55907.0
2017-10-12,65905.0
2017-10-13,60587.0
2017-10-16,63751.0
2017-10-17,58810.0
2017-10-18,63695.0
2017-10-19,54248.0
2017-10-20,62422.0
2017-10-23,56358.0
2017-10-24,49709.0
2017-10-25,61397.0
2017-10-26,50240.0
2017-10-27,71476.0
2017-10-30,79242.0
2017-10-31,68793.0
2017-11-01,66519.0
2017-11-02,58464.0
2017-11-03,76465.0
2017-11-06,61118.0
2017-11-07,66015.0
2017-11-08,66187.0
2017-11-09,65894.0
2017-11-10,70018.0
2017-11-13,60839.0
2017-11-14,67467.0
2017-11-15,72849.0
2017-11-16,69901.0
2017-11-17,65331.0
2017-11-20,74579.0
2017-11-21,77129.0
2017-11-22,76887.0
2017-11-24,73486.0
2017-11-27,74728.0
2017-11-28,82730.0
2017-11-29,80765.0
2017-11-30,91934.0
2017-12-01,79059.0
2017-12-04,65880.0
2017-12-05,80418.0
2017-12-06,63951.0
2017-12-07,82595.0
2017-12-08,86881.0
2017-12-11,72122.0
2017-12-12,72732.0
2017-12-13,83185.0
2017-12-14,74699.0
2017-12-15,88434.0
2017-12-18,74348.0
2017-12-19,78547.0
2017-12-20,76261.0
2017-12-21,89174.0
2017-12-22,94225.0
2017-12-26,69981.0
2017-12-27,81057.0
2017-12-28,64054.0
2017-12-29,76147.0
2018-01-02,89412.0
2018-01-03,83755.0
2018-01-04,88503.0
2018-01-05,83041.0
2018-01-08,83274.0
2018-01-09,84745.0
2018-01-10,82566.0
2018-01-11,71622.0
2018-01-12,74442.0
2018-01-16,71921.0
2018-01-17,81013.0
2018-01-18,70512.0
2018-01-19,82976.0
2018-01-22,73615.0
2018-01-23,73154.0
2018-01-24,74574.0
2018-01-25,81270.0
2018-01-26,76052.0
2018-01-29,82497.0
2018-01-30,70207.0
2018-01-31,79542.0
2018-02-01,67433.0
2018-02-02,68191.0
2018-02-05,65558.0
2018-02-06,53639.0
2018-02-07,68106.0
2018-02-08,57599.0
2018-02-09,71485.0
2018-02-12,62981.0
2018-02-13,79267.0
2018-02-14,65568.0
2018-02-15,73848.0
2018-02-16,63860.0
2018-02-20,72789.0
2018-02-21,56672.0
2018-02-22,78243.0
2018-02-23,71161.0
2018-02-26,60367.0
2018-02-27,69751.0
2018-02-28,65749.0
2018-03-01,82668.0
2018-03-02,56009.0
2018-03-05,74116.0
2018-03-06,59609.0
2018-03-07,66244.0
2018-03-08,56362.0
2018-03-09,65230.0
2018-03-12,70518.0
2018-03-13,59039.0
2018-03-14,53424.0
2018-03-15,63672.0
2018-03-16,68182.0
2018-03-19,64210.0
2018-03-20,56066.0
2018-03-21,67040.0
2018-03-22,57471.0
2018-03-23,68675.0
2018-03-26,59532.0
2018-03-27,69259.0
2018-03-28,63429.0
2018-03-29,56850.0
2018-04-02,59792.0
2018-04-03,64665.0
2018-04-04,64975.0
2018-04-05,57924.0
2018-04-06,73410.0
2018-04-09,53703.0
2018-04-10,56211.0
2018-04-11,61466.0
2018-04-12,66472.0
2018-04-13,61786.0
2018-04-16,64229.0
2018-04-17,50069.0
2018-04-18,58173.0
2018-04-19,58437.0
2018-04-20,49291.0
2018-04-23,70862.0
2018-04-24,77334.0
2018-04-25,67604.0
2018-04-26,57758.0
2018-04-27,64749.0
2018-04-30,63626.0
2018-05-01,69564.0
2018-05-02,72663.0
2018-05-03,51427.0
2018-05-04,62740.0
2018-05-07,63381.0
2018-05-08,65597.0
2018-05-09,57556.0
2018-05-10,56988.0
2018-05-11,71777.0
2018-05-14,58946.0
2018-05-15,62705.0
2018-05-16,64442.0
2018-05-17,71312.0
2018-05-18,60740.0
2018-05-21,72224.0
2018-05-22,66025.0
2018-05-23,50533.0
2018-05-24,62366.0
2018-05-25,67031.0
2018-05-29,55019.0
2018-05-30,62811.0
2018-05-31,73479.0
2018-06-01,62855.0
2018-06-04,61718.0
2018-06-05,64006.0
2018-06-06,53978.0
2018-06-07,73731.0
2018-06-08,61609.0
2018-06-11,65697.0
2018-06-12,70312.0
2018-06-13,73880.0
2018-06-14,61491.0
2018-06-15,57281.0
2018-06-18,78223.0
2018-06-19,65994.0
2018-06-20,76714.0
2018-06-21,71233.0
2018-06-22,69418.0
2018-06-25,66392.0
2018-06-26,52662.0
2018-06-27,69505.0
2018-06-28,62664.0
2018-06-29,65674.0
2018-07-02,73167.0
2018-07-03,69324.0
2018-07-05,65500.0
2018-07-06,66957.0
2018-07-09,70970.0
2018-07-10,77872.0
2018-07-11,58771.0
2018-07-12,75134.0
2018-07-13,65260.0
2018-07-16,71626.0
2018-07-17,73687.0
2018-07-18,62793.0
2018-07-19,67822.0
2018-07-20,58790.0
2018-07-23,64526.0
2018-07-24,65912.0
2018-07-25,69129.0
2018-07-26,58905.0
2018-07-27,66407.0
2018-07-30,68882.0
2018-07-31,64799.0
2018-08-01,72179.0
2018-08-02,63277.0
2018-08-03,70902.0
2018-08-06,65406.0
2018-08-07,61152.0
2018-08-08,71882.0
2018-08-09,80778.0
2018-08-10,62551.0
2018-08-13,64173.0
2018-08-14,67901.0
2018-08-15,62905.0
2018-08-16,61558.0
2018-08-17,68475.0
2018-08-20,70827.0
2018-08-21,62698.0
2018-08-22,63294.0
2018-08-23,69714.0
2018-08-24,64429.0
2018-08-27,60084.0
2018-08-28,63563.0
2018-08-29,61310.0
2018-08-30,56915.0
2018-08-31,60326.0
2018-09-04,59667.0
2018-09-05,55382.0
2018-09-06,69940.0
2018-09-07,71142.0
2018-09-10,62102.0
2018-09-11,60956.0
2018-09-12,70147.0
2018-09-13,73747.0
2018-09-14,57614.0
2018-09-17,64725.0
2018-09-18,62643.0
2018-09-19,69079.0
2018-09-20,64992.0
2018-09-21,65160.0
2018-09-24,54914.0
2018-09-25,65077.0
2018-09-26,63491.0
2018-09-27,61076.0
2018-09-28,53559.0
2018-10-01,64428.0
2018-10-02,72455.0
2018-10-03,62272.0
2018-10-04,62979.0
2018-10-05,64406.0
2018-10-08,69502.0
2018-10-09,63559.0
2018-10-10,63868.0
2018-10-11,59881.0
2018-10-12,68056.0
2018-10-15,59067.0
2018-10-16,67582.0
2018-10-17,66584.0
2018-10-18,76366.0
2018-10-19,74709.0
2018-10-22,57248.0
2018-10-23,72672.0
2018-10-24,71321.0
2018-10-25,76205.0
2018-10-26,58714.0
2018-10-29,61864.0
2018-10-30,63063.0
2018-10-31,65212.0
2018-11-01,66938.0
2018-11-02,74090.0
2018-11-05,82029.0
2018-11-06,70691.0
2018-11-07,62965.0
2018-11-08,63867.0
2018-11-09,62124.0
2018-11-12,77909.0
2018-11-13,65163.0
2018-11-14,78200.0
2018-11-15,73467.0
2018-11-16,64421.0
2018-11-19,82616.0
2018-11-20,59620.0
2018-11-21,60716.0
2018-11-23,80312.0
2018-11-26,64849.0
2018-11-27,67324.0
2018-11-28,92352.0
2018-11-29,72564.0
2018-11-30,73170.0
2018-12-03,64935.0
2018-12-04,64947.0
2018-12-06,64611.0
2018-12-07,80555.0
2018-12-10,64276.0
2018-12-11,82031.0
2018-12-12,84499.0
2018-12-13,74846.0
2018-12-14,75101.0
2018-12-17,70512.0
2018-12-18,67364.0
2018-12-19,66188.0
2018-12-20,84425.0
2018-12-21,81652.0
2018-12-24,81643.0
2018-12-26,85115.0
2018-12-27,73477.0
2018-12-28,68591.0
2018-12-31,62893.0
2019-01-02,72012.0
2019-01-03,75291.0
2019-01-04,75566.0
2019-01-07,59877.0
2019-01-08,77706.0
2019-01-09,68565.0
2019-01-10,68170.0
2019-01-11,77209.0
2019-01-14,70108.0
2019-01-15,75740.0
2019-01-16,76193.0
2019-01-17,80402.0
2019-01-18,74926.0
2019-01-22,65632.0
2019-01-23,67049.0
2019-01-24,66147.0
2019-01-25,76815.0
2019-01-28,65261.0
2019-01-29,55126.0
2019-01-30,71095.0
2019-01-31,76739.0
2019-02-01,68449.0
2019-02-04,66092.0
2019-02-05,57127.0
2019-02-06,77626.0
2019-02-07,69607.0
2019-02-08,77284.0
2019-02-11,67635.0
2019-02-12,72471.0
2019-02-13,64265.0
2019-02-14,74190.0
2019-02-15,58624.0
2019-02-19,67086.0
2019-02-20,66862.0
2019-02-21,57050.0
2019-02-22,53868.0
2019-02-25,68322.0
2019-02-26,61480.0
2019-02-27,73850.0
2019-02-28,59063.0
2019-03-01,56807.0
2019-03-04,58677.0
2019-03-05,54915.0
2019-03-06,65318.0
2019-03-07,56374.0
2019-03-08,50012.0
2019-03-11,62145.0
2019-03-12,65824.0
2019-03-13,60988.0
2019-03-14,61721.0
2019-03-15,58204.0
2019-03-18,69379.0
2019-03-19,62165.0
2019-03-20,76980.0
2019-03-21,54740.0
2019-03-22,57340.0
2019-03-25,56428.0
2019-03-26,70151.0
2019-03-27,67157.0
2019-03-28,60125.0
2019-03-29,56385.0
2019-04-01,53448.0
2019-04-02,63555.0
2019-04-03,64082.0
2019-04-04,64511.0
2019-04-05,62492.0
2019-04-08,69621.0
2019-04-09,52626.0
2019-04-10,65470.0
2019-04-11,57570.0
2019-04-12,64319.0
2019-04-15,58081.0
2019-04-16,62323.0
2019-04-17,68846.0
2019-04-18,67194.0
2019-04-22,63154.0
2019-04-23,75618.0
2019-04-24,64261.0
2019-04-25,63899.0
2019-04-26,57627.0
2019-04-29,50438.0
2019-04-30,55264.0
2019-05-01,66595.0
2019-05-02,58740.0
2019-05-03,49530.0
2019-05-06,62900.0
2019-05-07,61135.0
2019-05-08,59921.0
2019-05-09,56118.0
2019-05-10,62338.0
2019-05-13,65143.0
2019-05-14,70465.0
2019-05-15,59503.0
2019-05-16,61148.0
2019-05-17,61249.0
2019-05-20,78132.0
2019-05-21,63140.0
2019-05-22,59732.0
2019-05-23,82959.0
2019-05-24,61386.0
2019-05-28,73799.0
2019-05-29,58108.0
2019-05-30,61989.0
2019-05-31,63491.0
2019-06-03,66717.0
2019-06-04,72652.0
2019-06-05,59985.0
2019-06-06,68860.0
2019-06-07,66097.0
2019-06-10,60900.0
2019-06-11,63988.0
2019-06-12,61143.0
2019-06-13,72223.0
2019-06-14,53895.0
2019-06-17,56750.0
2019-06-18,65919.0
2019-06-19,55847.0
2019-06-20,75835.0
2019-06-21,74116.0
2019-06-24,72607.0
2019-06-25,64825.0
2019-06-26,69594.0
2019-06-27,56529.0
2019-06-28,54390.0
2019-07-01,68057.0
2019-07-02,64237.0
2019-07-03,51850.0
2019-07-05,66427.0
2019-07-08,68583.0
2019-07-09,78580.0
2019-07-10,71368.0
2019-07-11,57613.0
2019-07-12,64922.0
2019-07-15,66580.0
2019-07-16,73835.0
2019-07-17,63046.0
2019-07-18,63365.0
2019-07-19,70312.0
2019-07-22,59245.0
2019-07-23,63912.0
2019-07-24,71143.0
2019-07-25,66057.0
2019-07-26,77015.0
2019-07-29,60654.0
2019-07-30,72819.0
2019-07-31,59017.0
2019-08-01,65817.0
2019-08-02,57400.0
2019-08-05,66913.0
2019-08-06,65506.0
2019-08-07,72683.0
2019-08-08,68157.0
2019-08-09,64996.0
2019-08-12,62943.0
2019-08-13,57880.0
2019-08-14,66122.0
2019-08-15,71319.0
2019-08-16,50612.0
2019-08-19,53448.0
2019-08-20,61310.0
2019-08-21,62062.0
2019-08-22,59411.0
2019-08-23,62898.0
2019-08-26,67247.0
2019-08-27,61877.0
2019-08-28,61444.0
2019-08-29,63467.0
2019-08-30,76145.0
2019-09-03,62602.0
2019-09-04,73327.0
2019-09-05,64147.0
2019-09-06,50952.0
2019-09-09,68549.0
2019-09-10,70632.0
2019-09-11,59369.0
2019-09-12,68362.0
2019-09-13,53485.0
2019-09-16,61296.0
2019-09-17,61619.0
2019-09-18,73899.0
2019-09-19,71578.0
2019-09-20,62583.0
2019-09-23,59965.0
2019-09-24,49620.0
2019-09-25,73463.0
2019-09-26,68323.0
2019-09-27,62455.0
2019-09-30,50121.0
2019-10-01,60336.0
2019-10-02,64907.0
2019-10-03,67702.0
2019-10-04,58731.0
2019-10-07,71877.0
2019-10-08,71698.0
2019-10-09,59066.0
2019-10-10,71298.0
2019-10-11,78596.0
2019-10-14,70786.0
2019-10-15,61340.0
2019-10-16,66159.0
2019-10-17,69854.0
2019-10-18,60332.0
2019-10-21,63938.0
2019-10-22,71101.0
2019-10-23,63616.0
2019-10-24,75506.0
2019-10-25,62640.0
2019-10-28,62059.0
2019-10-29,66630.0
2019-10-30,67768.0
2019-10-31,76061.0
2019-11-01,71621.0
2019-11-04,67943.0
2019-11-05,73979.0
2019-11-06,70726.0
2019-11-07,74519.0
2019-11-08,79174.0
2019-11-11,68730.0
2019-11-12,80645.0
2019-11-13,64416.0
2019-11-14,72065.0
2019-11-15,56733.0
2019-11-18,59239.0
2019-11-19,74867.0
2019-11-20,57726.0
2019-11-21,76622.0
2019-11-22,76148.0
2019-11-25,66999.0
2019-11-26,62672.0
2019-11-27,67145.0
2019-11-29,74555.0
2019-12-02,80229.0
2019-12-03,65190.0
2019-12-04,63160.0
2019-12-05,63852.0
2019-12-06,75843.0
2019-12-09,70942.0
2019-12-10,64305.0
2019-12-11,77038.0
2019-12-12,76668.0
2019-12-13,75643.0
2019-12-16,73499.0
2019-12-17,61426.0
2019-12-18,74303.0
2019-12-19,66111.0
2019-12-20,75060.0
2019-12-23,81257.0
2019-12-24,70868.0
2019-12-26,68199.0
2019-12-27,74804.0
2019-12-30,79369.0
2019-12-31,75818.0
